Simon_%26_Garfunkel,39,20160802-06
Simon_%26_Garfunkel%27s_Greatest_Hits,1,20160802-06
Simon_%26_Garfunkel_discography,4,20160802-06
Simon_%26_Marcy,2,20160802-06
Simon_%26_Schuster,13,20160802-06
Simon_%26_Schuster_v._Crime_Victims_Board,1,20160802-06
Simon_%26_Simon,2,20160802-06
Simon_%C5%A0pilak,1,20160802-06
Simon_&_Garfunkel,1,20160802-06
Simon_&amp;_Garfunkel,1,20160802-06
Simon_(1980_film),1,20160802-06
Simon_(2004_film),1,20160802-06
Simon_(Gurren_Lagann),1,20160802-06
Simon_(brother_of_Jesus),1,20160802-06
Simon_(cat),1,20160802-06
Simon_(cipher),2,20160802-06
Simon_(computer),1,20160802-06
Simon_(game),7,20160802-06
Simon_(given_name),2,20160802-06
Simon_A._Forward,1,20160802-06
Simon_Abkarian,3,20160802-06
"Simon_Abney-Hastings,_15th_Earl_of_Loudoun",1,20160802-06
Simon_Achidi_Achu,1,20160802-06
Simon_Achikgyozyan,2,20160802-06
Simon_Acland,1,20160802-06
Simon_Addo,1,20160802-06
Simon_Adebisi,4,20160802-06
Simon_Ainge,1,20160802-06
Simon_Aldridge,1,20160802-06
Simon_Amstell,2,20160802-06
Simon_Andreassen,1,20160802-06
Simon_Arkell,3,20160802-06
Simon_Armitage,1,20160802-06
"Simon_Arthur,_4th_Baron_Glenarthur",1,20160802-06
Simon_Astier,1,20160802-06
Simon_Atkins_(basketball),1,20160802-06
Simon_Atlee,1,20160802-06
Simon_Atumano,1,20160802-06
"Simon_B._Buckner,_Jr.",1,20160802-06
Simon_Bailey_(archivist),1,20160802-06
Simon_Baker,20,20160802-06
Simon_Barjie,1,20160802-06
Simon_Barlow_(Coronation_Street),1,20160802-06
Simon_Barnett,1,20160802-06
Simon_Baron-Cohen,2,20160802-06
Simon_Barrett_(filmmaker),3,20160802-06
Simon_Barrington-Ward,1,20160802-06
Simon_Barry,1,20160802-06
Simon_Basil,1,20160802-06
Simon_Bates,1,20160802-06
Simon_Bates_at_Breakfast,1,20160802-06
Simon_Baz,4,20160802-06
Simon_Beaufoy,1,20160802-06
Simon_Bellamy,6,20160802-06
Simon_Belmont,1,20160802-06
Simon_Bennett,1,20160802-06
Simon_Berrisford,1,20160802-06
Simon_Berry,1,20160802-06
Simon_Best,1,20160802-06
Simon_Bill,1,20160802-06
Simon_Billig,1,20160802-06
Simon_Binks,2,20160802-06
Simon_Birch,16,20160802-06
Simon_Bird,7,20160802-06
Simon_Birmingham,2,20160802-06
Simon_Bisley,3,20160802-06
Simon_Bisley_2010_Calendar,1,20160802-06
Simon_Black,1,20160802-06
Simon_Blackburn,1,20160802-06
Simon_Blackwell,1,20160802-06
Simon_Bloet,1,20160802-06
Simon_Boccanegra,2,20160802-06
Simon_Bolivar,3,20160802-06
Simon_Bolivar_Buckner,3,20160802-06
"Simon_Bolivar_Buckner,_Jr.",3,20160802-06
"Simon_Bolivar_Buckner,_Sr.",1,20160802-06
Simon_Bolivar_Buckner_Jr.,2,20160802-06
Simon_Bon,1,20160802-06
Simon_Bonney,1,20160802-06
Simon_Bookish,1,20160802-06
"Simon_Bowes-Lyon,_19th_Earl_of_Strathmore_and_Kinghorne",2,20160802-06
Simon_Br%C3%A6mer,1,20160802-06
Simon_Brailsford,1,20160802-06
Simon_Brain,1,20160802-06
Simon_Brandstetter,1,20160802-06
Simon_Brattel,1,20160802-06
Simon_Brenner,1,20160802-06
Simon_Bridges,3,20160802-06
Simon_Brown_(boxer),2,20160802-06
Simon_Brown_(footballer_born_1983),1,20160802-06
Simon_Bryant_(chef),7,20160802-06
Simon_Bucher-Jones,1,20160802-06
Simon_Burke,3,20160802-06
Simon_Burke_(business_executive),1,20160802-06
Simon_Burns,1,20160802-06
Simon_Busuttil,1,20160802-06
Simon_Cadell,2,20160802-06
Simon_Called_Peter,1,20160802-06
Simon_Callow,23,20160802-06
Simon_Cameron,2,20160802-06
Simon_Campbell,4,20160802-06
Simon_Carves,1,20160802-06
Simon_Cellan_Jones,1,20160802-06
Simon_Chandler,2,20160802-06
Simon_Chapman_(disambiguation),1,20160802-06
Simon_Charlton,1,20160802-06
Simon_Cheong,3,20160802-06
Simon_Chikovani,1,20160802-06
Simon_Child,1,20160802-06
Simon_Chimbetu,2,20160802-06
Simon_Chinn,2,20160802-06
Simon_Christopher_Coombs,1,20160802-06
Simon_Chua_Ling_Fung,1,20160802-06
Simon_Clarke_(cyclist),1,20160802-06
Simon_Climie,3,20160802-06
Simon_Coleby,1,20160802-06
Simon_Coleman,1,20160802-06
Simon_Collins,3,20160802-06
Simon_Colosimo,1,20160802-06
Simon_Commission,13,20160802-06
Simon_Conway_Morris,2,20160802-06
Simon_Corbell,2,20160802-06
Simon_Corcoran,1,20160802-06
Simon_Cowel,1,20160802-06
Simon_Cowell,95,20160802-06
Simon_Cowley,1,20160802-06
"Simon_Cox_(footballer,_born_1987)",1,20160802-06
Simon_Crafar,1,20160802-06
Simon_Crane,1,20160802-06
Simon_Crean,4,20160802-06
Simon_Critchley,3,20160802-06
Simon_Crosby,2,20160802-06
Simon_Cross,1,20160802-06
Simon_Crosskill,1,20160802-06
Simon_Culp,1,20160802-06
Simon_Curtis,1,20160802-06
Simon_Dallow,1,20160802-06
Simon_Danczuk,6,20160802-06
Simon_Danielli,1,20160802-06
Simon_Danis-Pepin,1,20160802-06
Simon_Danner,1,20160802-06
Simon_Dark,1,20160802-06
Simon_Davies_%28privacy_advocate%29,1,20160802-06
Simon_Davies_(English_TV_presenter),1,20160802-06
Simon_Davies_(privacy_advocate),1,20160802-06
Simon_Davis,1,20160802-06
Simon_Davis_(Australian_cricketer),1,20160802-06
Simon_Dawkins,2,20160802-06
Simon_Dedalus,1,20160802-06
Simon_Dee,1,20160802-06
Simon_Deering,1,20160802-06
Simon_Degge,1,20160802-06
Simon_Delaney,3,20160802-06
Simon_Denny_(artist),1,20160802-06
Simon_Diamond,3,20160802-06
Simon_Diamond_and_Johnny_Swinger,1,20160802-06
"Simon_Digby,_4th_Baron_Digby",1,20160802-06
Simon_Dinnerstein,1,20160802-06
Simon_Dolan,1,20160802-06
Simon_Dominic,13,20160802-06
Simon_Donaldson,2,20160802-06
Simon_Doull,1,20160802-06
Simon_Drake,1,20160802-06
Simon_Dumenco,1,20160802-06
Simon_Dutton_(cricketer),1,20160802-06
Simon_Dybbroe_M%C3%B8ller,2,20160802-06
Simon_Dyson,2,20160802-06
Simon_Easterby,2,20160802-06
Simon_Edy,1,20160802-06
Simon_Ellis_(film_director),1,20160802-06
Simon_Ellis_(record_producer),1,20160802-06
Simon_Elwes,1,20160802-06
Simon_Emmerson,1,20160802-06
Simon_Emmett,1,20160802-06
Simon_Episcopius,1,20160802-06
Simon_Ernst,1,20160802-06
Simon_Escher,1,20160802-06
Simon_Estes,1,20160802-06
Simon_Evans,1,20160802-06
Simon_Fairweather,3,20160802-06
Simon_Farnaby,3,20160802-06
Simon_Farnworth,1,20160802-06
Simon_Ferguson,1,20160802-06
Simon_Ferguson_(ice_hockey),1,20160802-06
Simon_Fernandez,2,20160802-06
Simon_Fisher,1,20160802-06
Simon_Fisher_Turner,1,20160802-06
Simon_Fitzgerald_(Home_and_Away),3,20160802-06
Simon_Fletcher_(American_football),1,20160802-06
Simon_Flexner,1,20160802-06
Simon_Ford_(divine),1,20160802-06
Simon_Fothergill,1,20160802-06
Simon_Foucher,1,20160802-06
Simon_Fowler,3,20160802-06
Simon_Fowler_(photographer),1,20160802-06
Simon_Fran%C3%A7ois_Bernard,1,20160802-06
Simon_Francis_(footballer),1,20160802-06
Simon_Franglen,1,20160802-06
Simon_Fraser,2,20160802-06
"Simon_Fraser,_11th_Lord_Lovat",1,20160802-06
"Simon_Fraser,_13th_Lord_Lovat",1,20160802-06
"Simon_Fraser,_15th_Lord_Lovat",2,20160802-06
"Simon_Fraser,_16th_Lord_Lovat",2,20160802-06
Simon_Fraser_(d._1306),2,20160802-06
Simon_Fraser_(explorer),2,20160802-06
Simon_Fraser_Clan,2,20160802-06
Simon_Fraser_Tolmie,1,20160802-06
Simon_Fraser_University,9,20160802-06
Simon_Fraser_of_Lovat,2,20160802-06
Simon_Fredriksson,1,20160802-06
Simon_Freedman,1,20160802-06
Simon_Frug,1,20160802-06
Simon_Fuller,22,20160802-06
Simon_Furman,4,20160802-06
Simon_Gagn%C3%A9,2,20160802-06
Simon_Gallup,13,20160802-06
Simon_Garlick,1,20160802-06
Simon_Geoghegan,1,20160802-06
Simon_Gerada,1,20160802-06
Simon_Gilbert_%28drummer%29,1,20160802-06
Simon_Gilbert_(journalist),1,20160802-06
Simon_Gilbert_(musician),5,20160802-06
Simon_Gipps-Kent,2,20160802-06
Simon_Goddard,2,20160802-06
Simon_Godwin,1,20160802-06
Simon_Goldammer,1,20160802-06
Simon_Goodwin,2,20160802-06
Simon_Gotch,4,20160802-06
Simon_Grascher,1,20160802-06
Simon_Gratz_High_School,3,20160802-06
Simon_Gray,1,20160802-06
Simon_Grayson,1,20160802-06
Simon_Greatwich,1,20160802-06
Simon_Green,1,20160802-06
Simon_Greenall,3,20160802-06
Simon_Greul,1,20160802-06
Simon_Grindrod,1,20160802-06
Simon_Guerrier,1,20160802-06
Simon_Gustafson,2,20160802-06
Simon_Halabi,1,20160802-06
Simon_Hale,4,20160802-06
Simon_Haley,1,20160802-06
Simon_Hallenbarter,1,20160802-06
Simon_Halliday,2,20160802-06
Simon_Hanhart,3,20160802-06
Simon_Hannes,1,20160802-06
Simon_Hanta%C3%AF,1,20160802-06
Simon_Harris_(politician),2,20160802-06
Simon_Haworth,1,20160802-06
Simon_Haykin,1,20160802-06
Simon_Heffer,2,20160802-06
Simon_Helberg,72,20160802-06
Simon_Henderson,2,20160802-06
"Simon_Henry_Adolph,_Count_of_Lippe-Detmold",1,20160802-06
Simon_Henwood,2,20160802-06
Simon_Henzler,1,20160802-06
Simon_Heslop,1,20160802-06
Simon_Hinkler,1,20160802-06
Simon_Ho%C4%8Devar,1,20160802-06
Simon_Hoare,2,20160802-06
Simon_Hobbs,2,20160802-06
Simon_Hobday,2,20160802-06
Simon_Hoggart,3,20160802-06
Simon_Hopkinson,1,20160802-06
Simon_Hornby,1,20160802-06
Simon_House,1,20160802-06
Simon_Howard,1,20160802-06
Simon_Huck,1,20160802-06
Simon_Hughes,3,20160802-06
Simon_Hunt,1,20160802-06
Simon_Hurt,4,20160802-06
Simon_Hussey,1,20160802-06
Simon_I_(High_Priest),2,20160802-06
Simon_Ibarra,1,20160802-06
Simon_Illingworth,1,20160802-06
Simon_Islip,1,20160802-06
Simon_J._Gathercole,1,20160802-06
Simon_Jeffery,1,20160802-06
Simon_Jeffes,2,20160802-06
Simon_Jenkins,3,20160802-06
Simon_Jentzsch,1,20160802-06
Simon_Jones_(actor),1,20160802-06
Simon_Jones_(musician),1,20160802-06
Simon_Jowett,2,20160802-06
Simon_Joyner,1,20160802-06
Simon_Kasp%C3%A9,1,20160802-06
Simon_Kassianides,1,20160802-06
Simon_Katz,3,20160802-06
Simon_Kelly,1,20160802-06
Simon_Kenton_Council,1,20160802-06
Simon_Khan,1,20160802-06
Simon_Killer,2,20160802-06
Simon_Kinberg,8,20160802-06
Simon_King_(musician),1,20160802-06
Simon_Kipkemboi,1,20160802-06
Simon_Kirke,3,20160802-06
Simon_Kistenmaker,1,20160802-06
Simon_Kj%C3%A6r,7,20160802-06
Simon_Kroon,1,20160802-06
Simon_Kunz,2,20160802-06
Simon_Kuznets,6,20160802-06
Simon_Lake,1,20160802-06
Simon_Lambert_(speedway_rider),1,20160802-06
Simon_Langham,2,20160802-06
Simon_Lazenby,1,20160802-06
Simon_Le_Bon,10,20160802-06
Simon_Lee_Evans,1,20160802-06
Simon_Legree,1,20160802-06
Simon_Leis,1,20160802-06
Simon_Lenski,1,20160802-06
Simon_Lessing,1,20160802-06
Simon_Lewis_(The_Mortal_Instruments),1,20160802-06
Simon_Leys,1,20160802-06
Simon_Lokodo,2,20160802-06
Simon_Lovell,1,20160802-06
Simon_Ludders,1,20160802-06
Simon_Lundevall,1,20160802-06
Simon_Lynch,1,20160802-06
Simon_MacCorkindale,3,20160802-06
Simon_MacKenzie,1,20160802-06
Simon_Maccabaeus,1,20160802-06
Simon_Madden,4,20160802-06
Simon_Madden_(Irish_footballer),2,20160802-06
Simon_Magakwe,2,20160802-06
Simon_Magus,8,20160802-06
Simon_Mahon,4,20160802-06
Simon_Majumdar,4,20160802-06
Simon_Makienok,3,20160802-06
Simon_Mallory,1,20160802-06
Simon_Mann,3,20160802-06
Simon_Mannix,1,20160802-06
Simon_Marks,1,20160802-06
Simon_Marlow,1,20160802-06
Simon_Marmion,1,20160802-06
"Simon_Marquis,_3rd_Earl_of_Woolton",1,20160802-06
Simon_Marsden,1,20160802-06
Simon_Martirosyan,2,20160802-06
Simon_Mason_(author),1,20160802-06
Simon_Mathew,1,20160802-06
Simon_Mathews,1,20160802-06
Simon_Mathurin_Lantara,1,20160802-06
Simon_May_discography,1,20160802-06
Simon_McBride,1,20160802-06
Simon_McBurney,7,20160802-06
Simon_McDonald_%28diplomat%29,1,20160802-06
Simon_McDonald_(diplomat),4,20160802-06
Simon_McKeon,2,20160802-06
Simon_Meredith_(Emmerdale),1,20160802-06
Simon_Meredith_House,1,20160802-06
Simon_Messingham,1,20160802-06
Simon_Mignolet,6,20160802-06
Simon_Mills,1,20160802-06
Simon_Mills_(footballer),1,20160802-06
Simon_Minton-Connell,1,20160802-06
Simon_Mitton,1,20160802-06
Simon_Monjack,13,20160802-06
Simon_Monk,1,20160802-06
Simon_Moran,1,20160802-06
Simon_Morden,1,20160802-06
Simon_Morris_(politician),1,20160802-06
Simon_Morrison,1,20160802-06
Simon_Moutter,1,20160802-06
Simon_Munn,1,20160802-06
Simon_Munnery,3,20160802-06
Simon_Murdoch_(venture_capitalist),1,20160802-06
Simon_Murray,1,20160802-06
Simon_Musaeus,1,20160802-06
Simon_N._Patten,1,20160802-06
Simon_Nabatov_discography,1,20160802-06
Simon_Naylor,1,20160802-06
Simon_Necronomicon,3,20160802-06
Simon_Neil,1,20160802-06
Simon_Newcomb,3,20160802-06
Simon_Nicol,1,20160802-06
Simon_Nkoli,1,20160802-06
Simon_Nolet,1,20160802-06
Simon_Norris,1,20160802-06
Simon_Nye,3,20160802-06
Simon_O%27Connor,1,20160802-06
Simon_O%27Donnell,1,20160802-06
Simon_Oakland,2,20160802-06
Simon_Ockley,1,20160802-06
Simon_Overland,2,20160802-06
Simon_Owen,1,20160802-06
Simon_Pagenaud,1,20160802-06
Simon_Paisley_Day,1,20160802-06
Simon_Park_Orchestra,1,20160802-06
Simon_Parke,2,20160802-06
Simon_Pavey,1,20160802-06
Simon_Pearce,2,20160802-06
Simon_Pegg,76,20160802-06
Simon_Perkins,1,20160802-06
Simon_Peter,1,20160802-06
Simon_Peter_Randolph,1,20160802-06
Simon_Peyton_Jones,1,20160802-06
Simon_Phillips_(actor),2,20160802-06
Simon_Phillips_(drummer),8,20160802-06
Simon_Phipps_%28programmer%29,1,20160802-06
Simon_Pickle_Stone_House,1,20160802-06
Simon_Pokagon,1,20160802-06
Simon_Pokue,1,20160802-06
Simon_Pontdem%C3%A9,1,20160802-06
Simon_Poulsen,1,20160802-06
Simon_Prebble,1,20160802-06
Simon_Prescott,1,20160802-06
Simon_Price,1,20160802-06
Simon_Property_Group,6,20160802-06
Simon_Pryce,3,20160802-06
Simon_Quarterman,2,20160802-06
Simon_R._Green,1,20160802-06
Simon_R._Green_bibliography,1,20160802-06
Simon_Racaza,3,20160802-06
Simon_Rakoff,1,20160802-06
Simon_Ramo,2,20160802-06
"Simon_Ramsay,_16th_Earl_of_Dalhousie",1,20160802-06
Simon_Ramsay_(politician),1,20160802-06
Simon_Rattle,6,20160802-06
Simon_Raven,3,20160802-06
Simon_Raymond,1,20160802-06
Simon_Reeve,1,20160802-06
Simon_Reeve_(Australian_TV_presenter),2,20160802-06
Simon_Reeve_(British_TV_presenter),3,20160802-06
Simon_Reeve_(UK_television_presenter),1,20160802-06
Simon_Renard,1,20160802-06
Simon_Rex,18,20160802-06
Simon_Reynolds,2,20160802-06
Simon_Rich,6,20160802-06
Simon_Richardson_(English_cyclist),2,20160802-06
Simon_Rimmer,2,20160802-06
Simon_Robinson,1,20160802-06
Simon_Rodia,1,20160802-06
Simon_Rodriguez_Municipality,1,20160802-06
Simon_Rolfes,2,20160802-06
Simon_Rusk,1,20160802-06
Simon_Russell_Beale,8,20160802-06
Simon_S._Lam,1,20160802-06
Simon_Said_(Supernatural),1,20160802-06
Simon_Sandberg,1,20160802-06
Simon_Says,9,20160802-06
Simon_Says_(1910_Fruitgum_Company_song),2,20160802-06
Simon_Says_(The_Outer_Limits),1,20160802-06
Simon_Says_(film),1,20160802-06
Simon_Scardifield,1,20160802-06
Simon_Scarrow,1,20160802-06
Simon_Schaffer,3,20160802-06
Simon_Schama,9,20160802-06
Simon_Schama%27s_Power_of_Art,1,20160802-06
Simon_Scherder,1,20160802-06
Simon_Schwartzman,2,20160802-06
Simon_Sebag_Montefiore,5,20160802-06
Simon_Sez,2,20160802-06
Simon_Shanks,1,20160802-06
Simon_Shaw,1,20160802-06
Simon_Sheikh,1,20160802-06
Simon_Shore,1,20160802-06
Simon_Sinek,18,20160802-06
Simon_Singh,4,20160802-06
Simon_Smith_(footballer),1,20160802-06
Simon_Smith_and_the_Amazing_Dancing_Bear,1,20160802-06
Simon_Soloveychik,3,20160802-06
Simon_Spender,1,20160802-06
Simon_Spies,1,20160802-06
Simon_Spilak,1,20160802-06
Simon_Spotlight,1,20160802-06
Simon_Spotlight_Entertainment,1,20160802-06
Simon_Spurrier,1,20160802-06
Simon_Srebnik,1,20160802-06
Simon_Standage,2,20160802-06
Simon_Starling,1,20160802-06
Simon_Stephens,1,20160802-06
Simon_Stevin,1,20160802-06
Simon_Stock,3,20160802-06
Simon_Stone,2,20160802-06
Simon_Streatfield,1,20160802-06
Simon_Sudbury,4,20160802-06
Simon_Suhler,2,20160802-06
Simon_Sze,2,20160802-06
Simon_Taufel,2,20160802-06
Simon_Tavar%C3%A9,1,20160802-06
Simon_Tay,1,20160802-06
Simon_Taylor_%28rugby_union%29,1,20160802-06
Simon_Taylor_(rugby_union),1,20160802-06
Simon_Tedeschi,1,20160802-06
Simon_Templar,6,20160802-06
Simon_Templeman,6,20160802-06
Simon_The_Leper,1,20160802-06
Simon_The_Pharisee,1,20160802-06
Simon_The_Sorcerer%27s_Puzzle_Pack,1,20160802-06
Simon_The_Zealot,1,20160802-06
Simon_Thern,1,20160802-06
Simon_Thomas_(television_presenter),1,20160802-06
Simon_Thornton_(golfer),1,20160802-06
Simon_Tibbling,1,20160802-06
Simon_Tisdall,2,20160802-06
Simon_Tolkien,2,20160802-06
Simon_Tong,2,20160802-06
Simon_Townshend,4,20160802-06
Simon_Tregenza,2,20160802-06
Simon_Trp%C4%8Deski,1,20160802-06
Simon_Tunsted,1,20160802-06
Simon_Und_Jan,1,20160802-06
Simon_Vallily,1,20160802-06
Simon_Vestdijk,1,20160802-06
Simon_Vouet,2,20160802-06
Simon_Vouet/,1,20160802-06
Simon_Wakefield,1,20160802-06
Simon_Wakelin,3,20160802-06
Simon_Walker_(Hollyoaks),1,20160802-06
Simon_Ward,7,20160802-06
Simon_Watney,1,20160802-06
Simon_Watson_Taylor_(politician),1,20160802-06
Simon_Webbe,6,20160802-06
Simon_Webster,1,20160802-06
Simon_Webster_(footballer),1,20160802-06
Simon_Weir,2,20160802-06
Simon_Wells,2,20160802-06
Simon_Wessely/Simon_Wessely,1,20160802-06
Simon_West,2,20160802-06
Simon_Wheeler,2,20160802-06
Simon_Whelan,1,20160802-06
Simon_Whitfield,2,20160802-06
Simon_Whitlock,2,20160802-06
Simon_Wicks,1,20160802-06
Simon_Widdup,1,20160802-06
Simon_Wiesenthal,18,20160802-06
Simon_Wiesenthal_Center,4,20160802-06
Simon_Wilcox,3,20160802-06
Simon_Williams_(Royal_Navy_officer),1,20160802-06
Simon_Williams_(actor),3,20160802-06
Simon_Williams_(bassist),1,20160802-06
Simon_Williams_(chess_player),1,20160802-06
Simon_Wills_(racing_driver),1,20160802-06
Simon_Wincer,2,20160802-06
Simon_Winchester,5,20160802-06
Simon_Winstone,1,20160802-06
Simon_Wolfson,1,20160802-06
Simon_Wolstencroft,1,20160802-06
Simon_Woods,8,20160802-06
Simon_Wren-Lewis,2,20160802-06
Simon_Wright_(musician),3,20160802-06
Simon_Wright_(politician),1,20160802-06
Simon_Yam,4,20160802-06
Simon_Yates_(cyclist),4,20160802-06
Simon_Yates_(mountaineer),4,20160802-06
Simon_Zadek,1,20160802-06
Simon_Zealotes,1,20160802-06
Simon_Zebo,2,20160802-06
Simon_and_Garfunkel,2,20160802-06
Simon_and_Garfunkel%27s_Greatest_Hits,3,20160802-06
Simon_and_simon,1,20160802-06
Simon_and_the_Oaks_(film),2,20160802-06
Simon_bar_Kokhba,4,20160802-06
Simon_boccanegra,1,20160802-06
Simon_clement,1,20160802-06
Simon_de_Burley,1,20160802-06
Simon_de_Cr%C3%A9py,1,20160802-06
Simon_de_Langres,1,20160802-06
"Simon_de_Montagu,_1st_Baron_Montagu",1,20160802-06
Simon_de_Montford,1,20160802-06
Simon_de_Montfort,1,20160802-06
"Simon_de_Montfort,_5th_Earl_of_Leicester",1,20160802-06
"Simon_de_Montfort,_6th_Earl_of_Leicester",1,20160802-06
Simon_effect,1,20160802-06
Simon_focus,2,20160802-06
Simon_gotch,1,20160802-06
Simon_in_the_Land_of_Chalk_Drawings,1,20160802-06
Simon_kelly,1,20160802-06
Simon_of_Cascia,1,20160802-06
Simon_of_Cremona,1,20160802-06
Simon_of_Cyrene,9,20160802-06
Simon_of_Dammartin,1,20160802-06
Simon_of_Ghent,1,20160802-06
Simon_of_K%C3%A9za,2,20160802-06
Simon_of_Peraea,1,20160802-06
Simon_of_Sicily,1,20160802-06
Simon_of_Tournai,1,20160802-06
Simon_of_Trent,1,20160802-06
Simon_of_the_Desert,2,20160802-06
Simon_says,1,20160802-06
Simon_the_Coldheart,2,20160802-06
Simon_the_Leper,2,20160802-06
Simon_the_Pharisee,2,20160802-06
Simon_the_Shoemaker,1,20160802-06
Simon_the_Sorcerer,1,20160802-06
Simon_the_Sorcerer_3D,1,20160802-06
Simon_the_Sorcerer_4:_Chaos_Happens,1,20160802-06
Simon_the_Zealot,7,20160802-06
Simon_und_jan,1,20160802-06
Simon_van_den_Bergh,1,20160802-06
Simon_van_der_Meer,3,20160802-06
Simon_%26_Garfunkel,49,20160801-05
Simon_%26_Garfunkel_discography,10,20160801-05
Simon_%26_Milo,1,20160801-05
Simon_%26_Schuster,15,20160801-05
Simon_%26_Schuster_Adult_Publishing_Group,1,20160801-05
Simon_%26_Simon,5,20160801-05
Simon_%26_Simon_(season_4),1,20160801-05
Simon_%28cat%29,1,20160801-05
Simon_%28game%29,3,20160801-05
Simon_(2004_film),1,20160801-05
Simon_(EP),1,20160801-05
Simon_(cat),1,20160801-05
Simon_(cipher),1,20160801-05
Simon_(game),3,20160801-05
Simon_(given_name),1,20160801-05
Simon_(music_director),1,20160801-05
Simon_(surname),1,20160801-05
Simon_Abkarian,3,20160801-05
"Simon_Abney-Hastings,_15th_Earl_of_Loudoun",1,20160801-05
Simon_Adebisi,4,20160801-05
Simon_Ainge,2,20160801-05
Simon_Alcott,1,20160801-05
Simon_Alexander_Fraser,1,20160801-05
Simon_Amstell,4,20160801-05
Simon_And_Garfunkel,1,20160801-05
Simon_Anderson,1,20160801-05
Simon_Andrews_(disambiguation),1,20160801-05
Simon_Andrews_(motorcycle_racer),1,20160801-05
Simon_Anholt,3,20160801-05
Simon_Archer,1,20160801-05
Simon_Armitage,1,20160801-05
"Simon_Arnauld,_marquis_de_Pomponne",1,20160801-05
Simon_Arora,1,20160801-05
Simon_Atkins_(basketball),1,20160801-05
Simon_B._Kochen,2,20160801-05
Simon_Bainbridge,1,20160801-05
Simon_Baker,25,20160801-05
Simon_Baldry,1,20160801-05
Simon_Bamberger,4,20160801-05
Simon_Bamford,2,20160801-05
Simon_Bar_Jona_Madelka,1,20160801-05
Simon_Bar_Sinister,1,20160801-05
Simon_Barker,1,20160801-05
Simon_Barnes,1,20160801-05
Simon_Baron-Cohen,2,20160801-05
Simon_Barrett_(filmmaker),1,20160801-05
Simon_Baruch,1,20160801-05
Simon_Baus,1,20160801-05
Simon_Baz,6,20160801-05
Simon_Beaufoy,12,20160801-05
Simon_Bellamy,5,20160801-05
Simon_Belmont,1,20160801-05
Simon_Bening,2,20160801-05
Simon_Berry,1,20160801-05
Simon_Bikindi,1,20160801-05
Simon_Birch,6,20160801-05
Simon_Bird,11,20160801-05
Simon_Birmingham,1,20160801-05
Simon_Bisley,1,20160801-05
Simon_Black,3,20160801-05
Simon_Blackburn,3,20160801-05
Simon_Blackwell,1,20160801-05
Simon_Boccanegra,2,20160801-05
Simon_Boerum,2,20160801-05
Simon_Bolivar_(barque),1,20160801-05
Simon_Bolivar_Buckner,5,20160801-05
"Simon_Bolivar_Buckner,_Jr.",6,20160801-05
Simon_Bolivar_Buckner_Jr.,4,20160801-05
Simon_Bolivar_International_Airport,1,20160801-05
Simon_Bolivar_Orchestra,1,20160801-05
Simon_Boulton,1,20160801-05
Simon_Bowes-Lyon,1,20160801-05
"Simon_Bowes-Lyon,_19th_Earl_of_Strathmore_and_Kinghorne",6,20160801-05
Simon_Bradstreet,3,20160801-05
Simon_Brand,1,20160801-05
Simon_Brett,1,20160801-05
Simon_Brodkin,5,20160801-05
Simon_Brut%C3%A9,1,20160801-05
Simon_Bryant_(footballer),1,20160801-05
Simon_Burnett,2,20160801-05
Simon_Burns,2,20160801-05
Simon_Byrne,3,20160801-05
Simon_Caine,1,20160801-05
Simon_Calder,1,20160801-05
Simon_Callow,9,20160801-05
Simon_Cameron,1,20160801-05
Simon_Carmiggelt,1,20160801-05
Simon_Carrington,1,20160801-05
Simon_Carter,1,20160801-05
Simon_Cassels,1,20160801-05
Simon_Cellan_Jones,5,20160801-05
Simon_Ch%C3%A8vre_d%27Or,1,20160801-05
Simon_Chang_(designer),1,20160801-05
Simon_Chapman_(disambiguation),1,20160801-05
Simon_Church,5,20160801-05
Simon_Clarke_(cyclist),4,20160801-05
Simon_Collins,4,20160801-05
Simon_Collins_(footballer),1,20160801-05
Simon_Commission,8,20160801-05
Simon_Conway_Morris,1,20160801-05
Simon_Coombs,1,20160801-05
Simon_Cooper_(banker),2,20160801-05
Simon_Copland,1,20160801-05
Simon_Corbell,2,20160801-05
Simon_Corbell.jpg,1,20160801-05
Simon_Cowell,94,20160801-05
Simon_Cowley,1,20160801-05
"Simon_Cox_(footballer,_born_1987)",3,20160801-05
Simon_Crean,2,20160801-05
Simon_Crosby,1,20160801-05
Simon_Currant,1,20160801-05
Simon_Curtis,2,20160801-05
Simon_Curtis_(filmmaker),6,20160801-05
Simon_Cziommer,1,20160801-05
Simon_D,1,20160801-05
Simon_D%27Ujanga,1,20160801-05
Simon_Dach,3,20160801-05
Simon_Dalby,1,20160801-05
Simon_Danczuk,6,20160801-05
Simon_Danielli,1,20160801-05
Simon_Danis-Pepin,1,20160801-05
Simon_Davey,1,20160801-05
Simon_David,1,20160801-05
Simon_Davies,1,20160801-05
Simon_Dee,2,20160801-05
Simon_Delaney,3,20160801-05
Simon_Deng,6,20160801-05
Simon_Diamond,15,20160801-05
Simon_Digby_(oriental_scholar),1,20160801-05
Simon_Dominic,15,20160801-05
Simon_Donaldson,1,20160801-05
Simon_Doonan,1,20160801-05
Simon_Drew,1,20160801-05
Simon_Dubnow,1,20160801-05
Simon_Duggan,4,20160801-05
Simon_Dumenco,4,20160801-05
Simon_Dumont,1,20160801-05
Simon_Dunn,2,20160801-05
Simon_Dyson,1,20160801-05
Simon_Eastwood,2,20160801-05
Simon_Ejua,1,20160801-05
Simon_Estes,1,20160801-05
Simon_Evans,2,20160801-05
Simon_Evans_(racing_driver),1,20160801-05
Simon_Evans_(writer),1,20160801-05
Simon_Fairlie,1,20160801-05
Simon_Fairweather,5,20160801-05
Simon_Faithfull,1,20160801-05
Simon_Falette,1,20160801-05
Simon_Feast,1,20160801-05
Simon_Fenton,1,20160801-05
Simon_Fernandez,1,20160801-05
Simon_Finn_(politician),1,20160801-05
Simon_Fish,1,20160801-05
Simon_Fisher-Becker,2,20160801-05
Simon_Flexner,1,20160801-05
Simon_Ford,1,20160801-05
Simon_Forman,1,20160801-05
Simon_Fourcade,1,20160801-05
Simon_Fowler,1,20160801-05
Simon_Fox,1,20160801-05
Simon_Fraser,2,20160801-05
"Simon_Fraser,_11th_Lord_Lovat",1,20160801-05
"Simon_Fraser,_14th_Lord_Lovat",1,20160801-05
"Simon_Fraser,_15th_Lord_Lovat",4,20160801-05
"Simon_Fraser,_16th_Lord_Lovat",4,20160801-05
Simon_Fraser_(Australian_politician),1,20160801-05
Simon_Fraser_(comics),1,20160801-05
Simon_Fraser_(d._1306),2,20160801-05
Simon_Fraser_(diplomat),6,20160801-05
Simon_Fraser_(explorer),5,20160801-05
Simon_Fraser_(football),1,20160801-05
Simon_Fraser_Clan,2,20160801-05
Simon_Fraser_Student_Society,1,20160801-05
Simon_Fraser_Tolmie,1,20160801-05
Simon_Fraser_University,18,20160801-05
Simon_Fraser_University%27s_School_for_Contemporary_Arts,1,20160801-05
Simon_Fraser_University_Pipe_Band,1,20160801-05
Simon_Fraser_of_Balnain,2,20160801-05
Simon_Fraser_of_Balnain_(general),2,20160801-05
Simon_Frith,2,20160801-05
Simon_Fuller,10,20160801-05
Simon_Furman,3,20160801-05
Simon_Gallup,30,20160801-05
Simon_Gamache,2,20160801-05
Simon_Gandolfi,1,20160801-05
Simon_Gaon,1,20160801-05
Simon_Garner,1,20160801-05
Simon_Gatti,1,20160801-05
Simon_Gauntsede,1,20160801-05
Simon_Gilbert_(musician),1,20160801-05
Simon_Gilbert_(tenor),1,20160801-05
Simon_Gipps-Kent,1,20160801-05
Simon_Gipson,1,20160801-05
Simon_Goodwin,1,20160801-05
Simon_Gopane,1,20160801-05
Simon_Gosling,1,20160801-05
Simon_Gotch,7,20160801-05
Simon_Grand,1,20160801-05
Simon_Greenberg,1,20160801-05
Simon_Greenleaf,1,20160801-05
Simon_Gregor%C4%8Di%C4%8D,1,20160801-05
Simon_Gregson,1,20160801-05
Simon_Grotel%C3%BCschen,1,20160801-05
Simon_Grynaeus,1,20160801-05
Simon_Guggenheim,1,20160801-05
Simon_Haley,2,20160801-05
Simon_Hallel,1,20160801-05
Simon_Halsey,1,20160801-05
Simon_Hang-bock_Rhee,1,20160801-05
Simon_Hanta%C3%AF,2,20160801-05
"Simon_Harcourt,_1st_Earl_Harcourt",1,20160801-05
Simon_Harmer,1,20160801-05
Simon_Harris,2,20160801-05
Simon_Harris_(politician),1,20160801-05
Simon_Harrison,1,20160801-05
Simon_Hatley,1,20160801-05
Simon_Haughton,1,20160801-05
Simon_Hawk,1,20160801-05
Simon_Hawke,1,20160801-05
Simon_Haycock,1,20160801-05
Simon_Haykin,1,20160801-05
Simon_Heath,1,20160801-05
Simon_Helberg,30,20160801-05
Simon_Helg,1,20160801-05
"Simon_Henry_Adolph,_Count_of_Lippe-Detmold",2,20160801-05
Simon_Henry_Gage,1,20160801-05
Simon_Higgins,1,20160801-05
Simon_Hill,1,20160801-05
Simon_Hill_(disambiguation),2,20160801-05
Simon_Hill_(musician),1,20160801-05
Simon_Hilton,1,20160801-05
Simon_Hobbs,2,20160801-05
Simon_Hoggart,1,20160801-05
Simon_Hollingsworth,1,20160801-05
Simon_Hopkinson,1,20160801-05
Simon_Horsfield,1,20160801-05
Simon_Hubbard,1,20160801-05
Simon_Hughes,1,20160801-05
Simon_Hughes_(cricketer),2,20160801-05
Simon_Hughes_MP,1,20160801-05
Simon_Hunt,1,20160801-05
Simon_Hurt,1,20160801-05
Simon_I_De_Montfort,1,20160801-05
Simon_I_de_Montfort,2,20160801-05
Simon_Ian_Childer,1,20160801-05
Simon_Ibarra,1,20160801-05
Simon_Idohou,1,20160801-05
Simon_Ingersoll,1,20160801-05
Simon_Ip,2,20160801-05
Simon_Iturri_Patino,1,20160801-05
Simon_J._Bronner,1,20160801-05
Simon_Jackson_(playwright),1,20160801-05
Simon_James_(musician),2,20160801-05
Simon_James_Dawson,1,20160801-05
Simon_Janashia_Museum_of_Georgia,1,20160801-05
Simon_Jenkins,1,20160801-05
Simon_Johnson_(economist),2,20160801-05
Simon_Johnson_(novelist),1,20160801-05
Simon_Jones,1,20160801-05
Simon_Jones_(actor),2,20160801-05
Simon_Jordan,1,20160801-05
Simon_Joyner,2,20160801-05
Simon_Kapwepwe,1,20160801-05
Simon_Karetnik,1,20160801-05
Simon_Kassaye,1,20160801-05
Simon_Kassianides,2,20160801-05
Simon_Katich,1,20160801-05
Simon_Katz,1,20160801-05
Simon_Kaye,1,20160801-05
Simon_Keenlyside,1,20160801-05
Simon_Kenton,1,20160801-05
Simon_Kenton_Memorial_Bridge,1,20160801-05
Simon_Kernick,1,20160801-05
Simon_Keswick,2,20160801-05
Simon_Killer,2,20160801-05
Simon_Kimbangu,1,20160801-05
Simon_Kinberg,9,20160801-05
Simon_King_(broadcaster),1,20160801-05
Simon_Kirke,7,20160801-05
Simon_Kitson,1,20160801-05
Simon_Kj%C3%A6r,3,20160801-05
Simon_Kovar,3,20160801-05
Simon_Kunz,8,20160801-05
Simon_Kuper,1,20160801-05
Simon_Kurt_Unsworth,1,20160801-05
Simon_Kuznets,4,20160801-05
Simon_Kvamm,1,20160801-05
Simon_Lack,1,20160801-05
Simon_Langham,1,20160801-05
Simon_Lappin,2,20160801-05
Simon_Laurens,1,20160801-05
Simon_Le_Bon,16,20160801-05
Simon_Le_Moyne,2,20160801-05
Simon_Lee,2,20160801-05
Simon_Lee_%28professor%29,1,20160801-05
Simon_Lee_(academic),1,20160801-05
Simon_Lee_(conductor),1,20160801-05
Simon_Lepper,2,20160801-05
Simon_Lewis,1,20160801-05
Simon_Lewis_%28public_relations_officer%29,1,20160801-05
Simon_Lewis_%28writer%29,1,20160801-05
Simon_Lewis_(PR),1,20160801-05
Simon_Lewis_(The_Mortal_Instruments),2,20160801-05
Simon_Lewis_(public_relations_officer),1,20160801-05
Simon_Lewis_(writer),1,20160801-05
Simon_Locard,1,20160801-05
Simon_Lyndon,4,20160801-05
Simon_M._McBurney,1,20160801-05
Simon_MacCorkindale,6,20160801-05
Simon_Magill,1,20160801-05
Simon_Magus,5,20160801-05
Simon_Majumdar,5,20160801-05
Simon_Makienok,1,20160801-05
Simon_Malia,1,20160801-05
Simon_Mann,1,20160801-05
Simon_Mannering,1,20160801-05
Simon_Marcus,3,20160801-05
Simon_Marlow,1,20160801-05
Simon_Martirosyan,1,20160801-05
Simon_Mayo,3,20160801-05
Simon_Mayo_Drivetime,1,20160801-05
Simon_Mbilinyi,1,20160801-05
Simon_McBurney,4,20160801-05
Simon_McCoy,1,20160801-05
Simon_McKeon,1,20160801-05
Simon_McMenemy,1,20160801-05
Simon_Merrells,3,20160801-05
Simon_Mignolet,3,20160801-05
Simon_Minton-Connell,2,20160801-05
Simon_Mitchell,3,20160801-05
Simon_Mitternacht,1,20160801-05
Simon_Mohler_Landis,1,20160801-05
Simon_Monjack,11,20160801-05
Simon_Moore,1,20160801-05
Simon_Moore_(footballer),1,20160801-05
Simon_Moore_(writer),1,20160801-05
Simon_Munnery,1,20160801-05
Simon_Murphy,1,20160801-05
Simon_Murphy_(conductor),1,20160801-05
Simon_Napier-Bell,1,20160801-05
Simon_Nash,1,20160801-05
Simon_Neil,4,20160801-05
Simon_Nelson-Cook,1,20160801-05
Simon_Newcomb,2,20160801-05
Simon_Newton_Dexter,1,20160801-05
Simon_Nicholls_(baseball),1,20160801-05
Simon_Nye,2,20160801-05
Simon_O%27Brien_(presenter),1,20160801-05
Simon_O%27Donnell,3,20160801-05
Simon_Oakland,7,20160801-05
Simon_Okker,1,20160801-05
Simon_Overland,1,20160801-05
Simon_P._Norton,1,20160801-05
Simon_Pagenaud,7,20160801-05
Simon_Patten,1,20160801-05
Simon_Patterson_(artist),2,20160801-05
Simon_Patterson_(musician),1,20160801-05
Simon_Pegg,109,20160801-05
Simon_Peh,2,20160801-05
Simon_Penny,1,20160801-05
Simon_Perry,1,20160801-05
Simon_Peter,3,20160801-05
Simon_Peter_Gruber,1,20160801-05
Simon_Peter_Ninakku_Vendi,1,20160801-05
Simon_Petren,1,20160801-05
Simon_Peyton_Jones,2,20160801-05
Simon_Phillips_(drummer),5,20160801-05
Simon_Phipps_(bishop),1,20160801-05
Simon_Phipps_(programmer),1,20160801-05
Simon_Pickle_Stone_House,1,20160801-05
Simon_Plouffe,1,20160801-05
Simon_Poidevin,1,20160801-05
"Simon_Pollard_Hughes,_Jr.",1,20160801-05
Simon_Pollard_Hughes_Jr,1,20160801-05
Simon_Poulsen,5,20160801-05
Simon_Power_(composer),1,20160801-05
Simon_Prescott,1,20160801-05
Simon_Price,1,20160801-05
Simon_Property_Group,3,20160801-05
Simon_Pryce,2,20160801-05
Simon_Pulsifer,1,20160801-05
Simon_Quarterman,1,20160801-05
Simon_R._Baker,1,20160801-05
Simon_Ragaine,1,20160801-05
Simon_Rakoff,1,20160801-05
Simon_Ramo,4,20160801-05
Simon_Rattle,3,20160801-05
Simon_Raymonde,1,20160801-05
Simon_Reeve,1,20160801-05
Simon_Reeve_(Australian_TV_presenter),2,20160801-05
Simon_Reeve_(British_TV_presenter),2,20160801-05
Simon_Rex,28,20160801-05
Simon_Rich,3,20160801-05
Simon_Richards,1,20160801-05
Simon_Rifkind,1,20160801-05
Simon_Rimmer,1,20160801-05
Simon_Roberts_(footballer),1,20160801-05
"Simon_Russell,_3rd_Baron_Russell_of_Liverpool",1,20160801-05
Simon_Russell_(composer),1,20160801-05
Simon_Russell_Beale,17,20160801-05
Simon_Sabiani,1,20160801-05
Simon_Saunders,2,20160801-05
Simon_Says,10,20160801-05
Simon_Says_(film),1,20160801-05
Simon_Schaffer,1,20160801-05
Simon_Schama,7,20160801-05
Simon_Schama%27s_Power_of_Art,1,20160801-05
Simon_Sebag_Montefiore,2,20160801-05
Simon_Sez,1,20160801-05
Simon_Shelton,2,20160801-05
Simon_Sherry-Wood,1,20160801-05
Simon_Sidamon-Eristoff,1,20160801-05
Simon_Sinek,18,20160801-05
Simon_Singh,6,20160801-05
Simon_Sisters,1,20160801-05
Simon_Sluga,2,20160801-05
Simon_Snyder,2,20160801-05
Simon_Spender,1,20160801-05
Simon_Spoor,1,20160801-05
Simon_Srebrnik,1,20160801-05
Simon_Stagg,1,20160801-05
Simon_Standage,2,20160801-05
Simon_Stapleton,1,20160801-05
Simon_Stevens_Health_Manager,1,20160801-05
Simon_Stock,2,20160801-05
Simon_Stone,1,20160801-05
Simon_Sturridge,1,20160801-05
Simon_Suhler,1,20160801-05
Simon_Suoranta,1,20160801-05
Simon_Talbot,1,20160801-05
Simon_Tam,1,20160801-05
Simon_Taufel,1,20160801-05
Simon_Templar,3,20160801-05
Simon_Templeman,3,20160801-05
Simon_Terodde,1,20160801-05
Simon_Thassi,2,20160801-05
Simon_Thelwell,1,20160801-05
Simon_Thomas_(soccer),1,20160801-05
Simon_Tibbling,3,20160801-05
Simon_Tolkien,5,20160801-05
Simon_Tong,1,20160801-05
Simon_Toulson-Clarke,1,20160801-05
Simon_Townshend,5,20160801-05
Simon_Toyne,1,20160801-05
Simon_Trinidad,1,20160801-05
Simon_Trp%C4%8Deski,2,20160801-05
Simon_Underwood,2,20160801-05
Simon_Vega,1,20160801-05
Simon_Vestdijk,1,20160801-05
Simon_Vissering,1,20160801-05
Simon_Vouet,16,20160801-05
Simon_Vratsian,1,20160801-05
Simon_Vuk%C4%8Devi%C4%87,1,20160801-05
Simon_Ward,3,20160801-05
Simon_Waronker,1,20160801-05
Simon_Weaving,1,20160801-05
Simon_Webb_(composer),1,20160801-05
Simon_Webbe,2,20160801-05
Simon_Wells,3,20160801-05
Simon_West,2,20160801-05
Simon_Westaway,2,20160801-05
Simon_Westlund,1,20160801-05
Simon_Weston,1,20160801-05
Simon_Wheeldon,1,20160801-05
Simon_Whelan,2,20160801-05
Simon_White_(Australian_footballer),1,20160801-05
Simon_White_(footballer),1,20160801-05
Simon_Whitfield,2,20160801-05
Simon_Whitlock,1,20160801-05
Simon_Wicks,1,20160801-05
Simon_Wiesenthal,12,20160801-05
Simon_Wiesenthal_Center,1,20160801-05
Simon_Wigg,2,20160801-05
Simon_Wiggins,1,20160801-05
Simon_Wilcox,2,20160801-05
Simon_Willard%27s_Tall_Clocks,1,20160801-05
Simon_Williams,1,20160801-05
Simon_Williams_(actor),1,20160801-05
Simon_Willison,1,20160801-05
Simon_Willson,1,20160801-05
Simon_Wilson,1,20160801-05
Simon_Wilton_Phipps,1,20160801-05
Simon_Wincer,2,20160801-05
Simon_Winchester,2,20160801-05
Simon_Woodroffe,1,20160801-05
Simon_Woods,7,20160801-05
Simon_Wren-Lewis,1,20160801-05
Simon_Wright_(musician),1,20160801-05
Simon_Wright_(politician),1,20160801-05
Simon_Yam,10,20160801-05
Simon_Yates_(cyclist),1,20160801-05
Simon_Yates_(mountaineer),4,20160801-05
Simon_Zavarian,1,20160801-05
Simon_Zealotes,1,20160801-05
Simon_Zebo,2,20160801-05
Simon_Zug,1,20160801-05
Simon_and_Garfunkel,3,20160801-05
Simon_and_Garfunkel%27s_Greatest_Hits,8,20160801-05
Simon_and_Laura,1,20160801-05
Simon_and_Shuster,1,20160801-05
Simon_and_the_Witch,1,20160801-05
Simon_bar_Kokhba,6,20160801-05
Simon_ben_%E1%BA%92ema%E1%B8%A5_Duran,1,20160801-05
Simon_ben_Zoma,1,20160801-05
Simon_de_Colines,1,20160801-05
Simon_de_Danser,1,20160801-05
Simon_de_Faversham,1,20160801-05
Simon_de_Graaff,1,20160801-05
Simon_de_Montfort%27s_Parliament,1,20160801-05
"Simon_de_Montfort,_5th_Earl_of_Leicester",4,20160801-05
"Simon_de_Montfort,_6th_Earl_of_Leicester",5,20160801-05
Simon_de_Pury,1,20160801-05
Simon_de_Roxas_Clemente_y_Rubio,1,20160801-05
Simon_de_Vries_Czn,1,20160801-05
Simon_de_la_Loub%C3%A8re,2,20160801-05
Simon_effect,1,20160801-05
Simon_fra_floden,1,20160801-05
Simon_in_the_Land_of_Chalk_Drawings,1,20160801-05
Simon_king_(cricketer),1,20160801-05
Simon_le_Bon,1,20160801-05
Simon_necronomicon,1,20160801-05
Simon_of_Cyrene,2,20160801-05
Simon_of_Faversham,1,20160801-05
Simon_of_Peraea,1,20160801-05
Simon_of_Trent,4,20160801-05
Simon_says,2,20160801-05
Simon_says_(disambiguation),1,20160801-05
Simon_the_Just,1,20160801-05
Simon_the_Sorcerer,1,20160801-05
Simon_the_Sorcerer_4:_Chaos_Happens,1,20160801-05
Simon_the_Zealot,3,20160801-05
Simon_van_der_Meer,2,20160801-05
Simon_van_der_Stel,1,20160801-05
Simon_von_Stampfer,1,20160801-05
Simon_vouet,1,20160801-05
Simon_%26_Garfunkel,56,20160801-04
Simon_%26_Garfunkel_discography,11,20160801-04
Simon_%26_Halbig,1,20160801-04
Simon_%26_Schuster,18,20160801-04
Simon_%26_Simon,9,20160801-04
Simon_%28brother_of_Jesus%29,1,20160801-04
Simon_%28cat%29,1,20160801-04
Simon_%C5%A0pilak,2,20160801-04
Simon_(Gurren_Lagann),1,20160801-04
Simon_(brother_of_Jesus),1,20160801-04
Simon_(cat),1,20160801-04
Simon_(game),5,20160801-04
Simon_(given_name),1,20160801-04
Simon_A._Forward,1,20160801-04
Simon_A._Levin,1,20160801-04
Simon_Abkarian,1,20160801-04
"Simon_Abney-Hastings,_15th_Earl_of_Loudoun",2,20160801-04
Simon_Achikgyozyan,2,20160801-04
Simon_Adebisi,10,20160801-04
Simon_Alapin,1,20160801-04
Simon_Allford,1,20160801-04
Simon_Ambrose,2,20160801-04
Simon_Amstell,5,20160801-04
Simon_Anderson,1,20160801-04
Simon_Anholt,1,20160801-04
Simon_Aralov,1,20160801-04
Simon_Armitage,1,20160801-04
Simon_Armstrong,1,20160801-04
"Simon_Arthur,_4th_Baron_Glenarthur",3,20160801-04
"Simon_B._Buckner,_Sr.",1,20160801-04
Simon_B._Thunder_%28Flash_Comics_1%29,1,20160801-04
Simon_Bailey,1,20160801-04
Simon_Bainbridge,3,20160801-04
Simon_Baker,28,20160801-04
Simon_Baker_(Shortland_Street),1,20160801-04
Simon_Bar_Giora,1,20160801-04
Simon_Bar_Sinister,1,20160801-04
Simon_Barere,1,20160801-04
Simon_Baron-Cohen,10,20160801-04
Simon_Barrett_(filmmaker),4,20160801-04
Simon_Barry,2,20160801-04
Simon_Bates,2,20160801-04
Simon_Baz,5,20160801-04
Simon_Baz_(Green_Lantern),1,20160801-04
Simon_Bazalgette,1,20160801-04
Simon_Beaufoy,3,20160801-04
Simon_Beaumont,1,20160801-04
Simon_Bellamy,8,20160801-04
Simon_Billig,1,20160801-04
Simon_Binks,1,20160801-04
Simon_Birch,2,20160801-04
Simon_Bird,13,20160801-04
Simon_Birmingham,5,20160801-04
Simon_Bitsch,1,20160801-04
Simon_Blackburn,6,20160801-04
Simon_Blackwell,1,20160801-04
Simon_Blitz,2,20160801-04
Simon_Bob_Sinister,1,20160801-04
Simon_Boccanegra,2,20160801-04
Simon_Boerum,1,20160801-04
Simon_Bolivar,5,20160801-04
Simon_Bolivar_Buckner,4,20160801-04
"Simon_Bolivar_Buckner,_Jr.",11,20160801-04
"Simon_Bolivar_Buckner,_Sr.",1,20160801-04
Simon_Bolivar_Buckner_Jr.,2,20160801-04
Simon_Bolivar_Park,1,20160801-04
Simon_Bowman,1,20160801-04
Simon_Bradstreet,1,20160801-04
Simon_Brenner,1,20160801-04
Simon_Brett,1,20160801-04
Simon_Brodkin,2,20160801-04
Simon_Brown%2C_Baron_Brown_of_Eaton-under-Heywood,1,20160801-04
Simon_Brown_(Massachusetts),1,20160801-04
Simon_Brown_(boxer),2,20160801-04
"Simon_Brown_(footballer,_born_1983)",1,20160801-04
Simon_Brut%C3%A9,1,20160801-04
Simon_Bryant_(chef),1,20160801-04
Simon_Burke,1,20160801-04
Simon_Butler,1,20160801-04
Simon_Butt,1,20160801-04
Simon_Buttermilch,1,20160801-04
Simon_Cadell,1,20160801-04
Simon_Caine,1,20160801-04
Simon_Called_Peter,1,20160801-04
Simon_Callow,17,20160801-04
Simon_Camden,1,20160801-04
Simon_Cameron,2,20160801-04
Simon_Campbell,1,20160801-04
Simon_Carrington,1,20160801-04
Simon_Carves,1,20160801-04
Simon_Cellan_Jones,2,20160801-04
Simon_Chandler,1,20160801-04
Simon_Cheong,1,20160801-04
Simon_Chesterman,1,20160801-04
Simon_Child,1,20160801-04
Simon_Chimbetu,3,20160801-04
Simon_Chinn,2,20160801-04
Simon_City_Royals,2,20160801-04
Simon_Clark_(English_footballer),2,20160801-04
Simon_Clarke_(cyclist),1,20160801-04
Simon_Clegg,1,20160801-04
Simon_Collins,1,20160801-04
Simon_Colosimo,1,20160801-04
Simon_Commission,7,20160801-04
Simon_Conway_Morris,4,20160801-04
Simon_Corbell,1,20160801-04
Simon_Corney,1,20160801-04
Simon_Cowell,96,20160801-04
Simon_Cowell_(presenter),2,20160801-04
Simon_Craddick,1,20160801-04
Simon_Crane,2,20160801-04
Simon_Crean,2,20160801-04
Simon_Critchley,1,20160801-04
Simon_Cumbers,1,20160801-04
Simon_Curtis,3,20160801-04
Simon_Cziommer,1,20160801-04
Simon_D,1,20160801-04
Simon_Dallow,1,20160801-04
Simon_Danczuk,7,20160801-04
Simon_Danielli,3,20160801-04
Simon_Danis-Pepin,1,20160801-04
"Simon_Davies_(footballer,_born_1979)",2,20160801-04
Simon_Davies_(footballer_born_1979),1,20160801-04
Simon_Davies_(privacy_advocate),2,20160801-04
Simon_Dawes,1,20160801-04
Simon_Dawkins,7,20160801-04
Simon_Day,1,20160801-04
Simon_Deakin,1,20160801-04
Simon_Dee,1,20160801-04
Simon_Delivers,1,20160801-04
Simon_Denny_(artist),1,20160801-04
Simon_Diamond,15,20160801-04
Simon_Diedhiou,1,20160801-04
Simon_Dinnerstein,1,20160801-04
Simon_Dominic,11,20160801-04
Simon_Donaldson,2,20160801-04
Simon_Donnelly_(Irish_Republican),1,20160801-04
Simon_Dubnow,1,20160801-04
Simon_Duggan,2,20160801-04
Simon_Dumenco,5,20160801-04
Simon_Dutton_(drug_lord),1,20160801-04
Simon_Dwyer,1,20160801-04
Simon_Eaddy,1,20160801-04
Simon_Eastaugh,1,20160801-04
Simon_Edy,1,20160801-04
Simon_Estes,2,20160801-04
Simon_Evans,1,20160801-04
Simon_F._Pauxtis,1,20160801-04
Simon_Fairweather,1,20160801-04
Simon_Farine,1,20160801-04
Simon_Farnaby,2,20160801-04
Simon_Favre,1,20160801-04
Simon_Feindouno,1,20160801-04
Simon_Ferguson_(ice_hockey),1,20160801-04
Simon_Finn_(musician),1,20160801-04
Simon_Fish,1,20160801-04
Simon_Fisher-Becker,3,20160801-04
Simon_Fisher_Turner,1,20160801-04
Simon_Fitzgerald_(Home_and_Away),2,20160801-04
Simon_Forman,1,20160801-04
Simon_Fox,1,20160801-04
Simon_Francis_(footballer),3,20160801-04
Simon_Franglen,1,20160801-04
Simon_Franklin,1,20160801-04
Simon_Fraser,2,20160801-04
"Simon_Fraser,_13th_Lord_Lovat",2,20160801-04
"Simon_Fraser,_15th_Lord_Lovat",2,20160801-04
"Simon_Fraser,_16th_Lord_Lovat",4,20160801-04
Simon_Fraser_(explorer),2,20160801-04
Simon_Fraser_University,10,20160801-04
Simon_Fraser_University_Pipe_Band,1,20160801-04
Simon_Fraser_of_Balnain,1,20160801-04
Simon_Fraser_of_Balnain_(general),1,20160801-04
Simon_Fraser_of_Lovat,1,20160801-04
Simon_Fuller,8,20160801-04
Simon_G%C3%A4rdenfors,1,20160801-04
Simon_G._Powell,1,20160801-04
Simon_Gallaher,1,20160801-04
Simon_Gallup,16,20160801-04
Simon_Garner,1,20160801-04
Simon_Geoghegan,1,20160801-04
Simon_Gerrans,4,20160801-04
Simon_Ghraichy,1,20160801-04
Simon_Giertl,1,20160801-04
Simon_Gilbert_(tenor),1,20160801-04
Simon_Girty,3,20160801-04
Simon_Glover,1,20160801-04
Simon_Godwin,1,20160801-04
Simon_Goodwin,1,20160801-04
Simon_Gotch,12,20160801-04
Simon_Goulart_of_Senlis,1,20160801-04
Simon_Grayson,1,20160801-04
Simon_Greenall,1,20160801-04
Simon_Greenleaf,2,20160801-04
Simon_Gregson,1,20160801-04
Simon_Grynaeus,1,20160801-04
Simon_Guggenheim,2,20160801-04
Simon_Gysbers,1,20160801-04
Simon_Haley,1,20160801-04
Simon_Halkin,1,20160801-04
Simon_Halsey,1,20160801-04
Simon_Hanson,2,20160801-04
Simon_Hanta%C3%AF,2,20160801-04
Simon_Harris,1,20160801-04
Simon_Harrison,1,20160801-04
Simon_Hatley,1,20160801-04
Simon_Haynes,1,20160801-04
Simon_Heartfield,1,20160801-04
Simon_Heffer,1,20160801-04
Simon_Helberg,43,20160801-04
Simon_Heslop,1,20160801-04
Simon_Hickey,1,20160801-04
Simon_Hilton-Jones,1,20160801-04
Simon_Hobbs,2,20160801-04
Simon_Hoggart,2,20160801-04
Simon_Holl%C3%B3sy,1,20160801-04
Simon_Hornby,1,20160801-04
Simon_Huck,4,20160801-04
Simon_Hughes,3,20160801-04
Simon_Hurt,4,20160801-04
Simon_III_de_Montfort,1,20160801-04
Simon_I_(High_Priest),2,20160801-04
Simon_I_de_Montfort,3,20160801-04
Simon_I_of_Isenburg-Kempenich,1,20160801-04
Simon_Ings,1,20160801-04
Simon_Irvine,1,20160801-04
Simon_J._Hall,1,20160801-04
"Simon_J._Murphy,_Sr.",1,20160801-04
Simon_James_Wright,1,20160801-04
Simon_Jeffes,1,20160801-04
Simon_Jenkins,1,20160801-04
Simon_Johnson_(economist),1,20160801-04
Simon_Kassianides,2,20160801-04
Simon_Katich,1,20160801-04
Simon_Kean,2,20160801-04
Simon_Kent,1,20160801-04
Simon_Kenton,4,20160801-04
Simon_Keswick,2,20160801-04
Simon_Keynes,2,20160801-04
Simon_Kinberg,7,20160801-04
Simon_King,1,20160801-04
Simon_King_%28broadcaster%29,1,20160801-04
Simon_King_(broadcaster),1,20160801-04
Simon_King_(disambiguation),1,20160801-04
Simon_King_(musician),1,20160801-04
Simon_King_(television),1,20160801-04
Simon_Kirke,6,20160801-04
Simon_Kj%C3%A6r,4,20160801-04
Simon_Klose,2,20160801-04
Simon_Konecki,1,20160801-04
Simon_Kunz,1,20160801-04
Simon_Kurt_Unsworth,1,20160801-04
Simon_Kuznets,4,20160801-04
Simon_Lake,3,20160801-04
Simon_Langton_(archbishop),1,20160801-04
Simon_Lazarus,1,20160801-04
Simon_Lazenby,2,20160801-04
Simon_LeVay,1,20160801-04
Simon_Le_Bon,12,20160801-04
Simon_Leather,1,20160801-04
Simon_Leisring,1,20160801-04
Simon_Lelic,1,20160801-04
Simon_Lewis,1,20160801-04
Simon_Lewis_(The_Mortal_Instruments),2,20160801-04
Simon_Louis_du_Ry,1,20160801-04
Simon_Lowe_(footballer),1,20160801-04
Simon_Lowth,1,20160801-04
Simon_Lui,1,20160801-04
Simon_MacColl,1,20160801-04
Simon_MacCorkindale,5,20160801-04
Simon_Madden,3,20160801-04
Simon_Magakwe,2,20160801-04
Simon_Magnus,1,20160801-04
Simon_Magus,2,20160801-04
Simon_Magus_(1999_film),1,20160801-04
Simon_Magus_in_popular_culture,1,20160801-04
Simon_Mailloux,1,20160801-04
Simon_Majumdar,6,20160801-04
Simon_Maling,2,20160801-04
Simon_Mann,2,20160801-04
Simon_Mannering,3,20160801-04
Simon_Marcus,4,20160801-04
Simon_Marius,1,20160801-04
Simon_Marmion,2,20160801-04
Simon_Marsh,1,20160801-04
Simon_Marsh_(disambiguation),1,20160801-04
Simon_Mawer,1,20160801-04
Simon_McBurney,6,20160801-04
Simon_McKeon,3,20160801-04
Simon_Meehan,1,20160801-04
Simon_Mensing,1,20160801-04
Simon_Mepeham,3,20160801-04
Simon_Merrells,1,20160801-04
Simon_Mignolet,6,20160801-04
Simon_Miller,1,20160801-04
Simon_Mills_(footballer),1,20160801-04
Simon_Miotto,1,20160801-04
Simon_Mitchell,2,20160801-04
Simon_Monjack,24,20160801-04
Simon_Montacute,1,20160801-04
Simon_Moore_(footballer),1,20160801-04
Simon_Munro,1,20160801-04
Simon_Murray,2,20160801-04
Simon_Mwansa_Kapwepwe_International_Airport,2,20160801-04
Simon_Myles,1,20160801-04
Simon_Neale,1,20160801-04
Simon_Necronomicon,5,20160801-04
Simon_Neil,3,20160801-04
Simon_Newcomb,5,20160801-04
Simon_Nicol,1,20160801-04
Simon_Nixon,1,20160801-04
Simon_Nye,1,20160801-04
Simon_O%27Brien_(presenter),1,20160801-04
Simon_Oakland,5,20160801-04
Simon_Orchard,2,20160801-04
Simon_Ostrach,1,20160801-04
Simon_Ostrovsky,2,20160801-04
Simon_P._Norton,1,20160801-04
Simon_Pagenaud,10,20160801-04
Simon_Palfrey,1,20160801-04
Simon_Park_Orchestra,3,20160801-04
Simon_Pegg,135,20160801-04
Simon_Peh,1,20160801-04
Simon_Peres,1,20160801-04
Simon_Peter,1,20160801-04
Simon_Peyton_Jones,1,20160801-04
Simon_Philbrook,1,20160801-04
Simon_Phillips,2,20160801-04
Simon_Phillips_(drummer),1,20160801-04
Simon_Phillips_(footballer),1,20160801-04
Simon_Phipps_(game_designer),1,20160801-04
Simon_Pierro,1,20160801-04
Simon_Piesinger,1,20160801-04
Simon_Plouffe,1,20160801-04
Simon_Pokagon,2,20160801-04
Simon_Posford,2,20160801-04
Simon_Poulsen,1,20160801-04
Simon_Power,2,20160801-04
Simon_Prebble,1,20160801-04
Simon_Property_Group,9,20160801-04
Simon_Pryce,2,20160801-04
Simon_Pullman,1,20160801-04
Simon_Pummell,1,20160801-04
Simon_Quarterman,3,20160801-04
Simon_R._Baker,1,20160801-04
Simon_R._Green_bibliography,1,20160801-04
Simon_Raab,1,20160801-04
Simon_Ramo,1,20160801-04
Simon_Ramsay_(politician),1,20160801-04
Simon_Ratcliffe_(musician),1,20160801-04
Simon_Rattle,6,20160801-04
Simon_Raymond,3,20160801-04
Simon_Raymonde,3,20160801-04
Simon_Read,1,20160801-04
Simon_Reeve_(Australian_TV_presenter),1,20160801-04
Simon_Reeve_(British_TV_presenter),2,20160801-04
Simon_Rex,19,20160801-04
Simon_Reynolds,3,20160801-04
Simon_Ribeiro,1,20160801-04
Simon_Rich,1,20160801-04
Simon_Richardson,1,20160801-04
Simon_Richardson_(English_cyclist),1,20160801-04
Simon_Rimmer,1,20160801-04
Simon_Rochfort,1,20160801-04
Simon_Rodriguez,1,20160801-04
Simon_Rolfes,1,20160801-04
Simon_Rosenberg,1,20160801-04
Simon_Rotenstein,1,20160801-04
Simon_Rubinstein,1,20160801-04
Simon_Rumley,1,20160801-04
Simon_Rusk,1,20160801-04
Simon_Russell_(footballer),1,20160801-04
Simon_Russell_Beale,11,20160801-04
Simon_S._Lam,1,20160801-04
Simon_S._McDonald,1,20160801-04
Simon_Sainsbury,1,20160801-04
Simon_Says,6,20160801-04
Simon_Says_%27Be_My_Valentine%27,1,20160801-04
Simon_Says_(film),2,20160801-04
Simon_Schama,8,20160801-04
Simon_Schatzberger,1,20160801-04
Simon_Schempp,1,20160801-04
Simon_School_of_Business,1,20160801-04
Simon_Sebag-Montefiore,1,20160801-04
Simon_Sebag_Montefiore,5,20160801-04
Simon_Sez,2,20160801-04
Simon_Shaheen,1,20160801-04
Simon_Sheikh,1,20160801-04
Simon_Shepherd,1,20160801-04
Simon_Sheppard_(writer),1,20160801-04
Simon_Simonian,1,20160801-04
Simon_Sinek,12,20160801-04
Simon_Singh,7,20160801-04
Simon_Smith_(footballer),1,20160801-04
Simon_Smith_and_His_Amazing_Dancing_Bear,1,20160801-04
Simon_Southerton,1,20160801-04
Simon_Spilak,1,20160801-04
Simon_Stagg,5,20160801-04
Simon_Standage,2,20160801-04
Simon_Starling,2,20160801-04
Simon_Stephens,1,20160801-04
Simon_Stevin,1,20160801-04
Simon_Stone,1,20160801-04
Simon_Sze,4,20160801-04
Simon_Target,1,20160801-04
Simon_Tatham,2,20160801-04
Simon_Tay,1,20160801-04
Simon_Taylor_(toponymist),1,20160801-04
Simon_Templar,6,20160801-04
Simon_Templeman,2,20160801-04
Simon_Terodde,3,20160801-04
Simon_Thassi,1,20160801-04
Simon_Tolkien,2,20160801-04
Simon_Townsend_(businessman),1,20160801-04
Simon_Trp%C4%8Deski,1,20160801-04
Simon_VI_de_Montfort,1,20160801-04
Simon_Van_Booy,1,20160801-04
Simon_Vestdijk,1,20160801-04
Simon_Vouet,28,20160801-04
Simon_Vuk%C4%8Devi%C4%87,6,20160801-04
Simon_Wakefield,1,20160801-04
Simon_Wakelin,2,20160801-04
Simon_Ward,4,20160801-04
Simon_Watson_(ice_hockey),1,20160801-04
Simon_Weaver,2,20160801-04
Simon_Webbe,3,20160801-04
Simon_Weir,2,20160801-04
Simon_Wells,2,20160801-04
Simon_West,3,20160801-04
Simon_Weston,2,20160801-04
Simon_Wheeldon,1,20160801-04
Simon_White,1,20160801-04
Simon_Whitfield,4,20160801-04
Simon_Whitlock,1,20160801-04
Simon_Wi_Rutene,1,20160801-04
Simon_Wiesenthal,17,20160801-04
Simon_Wiesenthal_Center,3,20160801-04
Simon_Wigg,1,20160801-04
Simon_Wiggins,1,20160801-04
Simon_Wilcox,2,20160801-04
Simon_Wiles,1,20160801-04
Simon_William_Lord,1,20160801-04
Simon_Williams_(chess_player),1,20160801-04
Simon_Wincer,1,20160801-04
Simon_Wolf_Oppenheimer,2,20160801-04
Simon_Wolstencroft,2,20160801-04
Simon_Wonga,2,20160801-04
Simon_Woodroffe,2,20160801-04
Simon_Woods,8,20160801-04
Simon_Wren-Lewis,1,20160801-04
Simon_Wright_(musician),3,20160801-04
Simon_Yam,5,20160801-04
Simon_Yates,1,20160801-04
Simon_Yates_(cyclist),6,20160801-04
Simon_Yates_(mountaineer),3,20160801-04
Simon_Young_(magistrate),1,20160801-04
Simon_Zadek,1,20160801-04
Simon_Zoller,1,20160801-04
Simon_and_Garfunkel%27s_Greatest_Hits,4,20160801-04
Simon_and_Garfunkel/The_Concert_in_Central_Park,1,20160801-04
Simon_and_Simon,1,20160801-04
Simon_and_Swinger,1,20160801-04
Simon_and_garfunkle,1,20160801-04
Simon_bar_Kokhba,9,20160801-04
Simon_ben_Zoma,1,20160801-04
Simon_cowell,1,20160801-04
Simon_de_Bovill,1,20160801-04
Simon_de_Brion,1,20160801-04
Simon_de_Faversham,2,20160801-04
Simon_de_Montfort,1,20160801-04
"Simon_de_Montfort,_5th_Earl_of_Leicester",4,20160801-04
"Simon_de_Montfort,_6th_Earl_of_Leicester",8,20160801-04
Simon_de_Montfort_(disambiguation),2,20160801-04
Simon_de_Vlieger,1,20160801-04
Simon_gillett,1,20160801-04
Simon_in_the_Land_of_Chalk_Drawings,2,20160801-04
Simon_of_Athens,1,20160801-04
Simon_of_Cyrene,2,20160801-04
Simon_of_Ghent,1,20160801-04
Simon_of_K%C3%A9za,1,20160801-04
Simon_of_Peraea,3,20160801-04
Simon_of_Trent,3,20160801-04
Simon_of_the_Desert,1,20160801-04
Simon_says,1,20160801-04
Simon_son_of_Boethus,1,20160801-04
Simon_the_Coldheart,2,20160801-04
Simon_the_Just,1,20160801-04
Simon_the_Shoemaker,2,20160801-04
Simon_the_Tanner,1,20160801-04
Simon_the_Zealot,4,20160801-04
Simon_van_der_Meer,1,20160801-04
Simon_von_Geldern,1,20160801-04
Simon_%26_Garfunkel,37,20160802-05
Simon_%26_Garfunkel_discography,4,20160802-05
Simon_%26_Marcy,3,20160802-05
Simon_%26_Schuster,12,20160802-05
Simon_%26_Schuster_Interactive,2,20160802-05
Simon_%26_Simon,1,20160802-05
Simon_%26_Simon_(season_4),1,20160802-05
Simon_%26_Simon_(season_5),1,20160802-05
Simon_%27Bigmac%27_Wrigley,1,20160802-05
Simon_%28game%29,1,20160802-05
Simon_(Gurren_Lagann),1,20160802-05
Simon_(brother_of_Jesus),1,20160802-05
Simon_(computer),1,20160802-05
Simon_(game),8,20160802-05
Simon_(given_name),1,20160802-05
Simon_(surname),1,20160802-05
Simon_Abkarian,1,20160802-05
Simon_Adebisi,9,20160802-05
Simon_Ainge,6,20160802-05
Simon_Amstell,4,20160802-05
Simon_Andrews_(motorcycle_racer),2,20160802-05
Simon_Arbellot,1,20160802-05
Simon_Argevitch,1,20160802-05
Simon_Armstrong,2,20160802-05
Simon_Ashdown,1,20160802-05
Simon_Aspelin,2,20160802-05
Simon_Atkins,1,20160802-05
Simon_Azoulay_Pedersen,1,20160802-05
Simon_B._Kochen,1,20160802-05
Simon_Baker,27,20160802-05
Simon_Balle_School,1,20160802-05
Simon_Bar_Kochba,1,20160802-05
Simon_Bar_Sinister,1,20160802-05
Simon_Barker,1,20160802-05
Simon_Barlow,5,20160802-05
Simon_Baron-Cohen,1,20160802-05
Simon_Barrett_(filmmaker),3,20160802-05
Simon_Barry,1,20160802-05
Simon_Bates,2,20160802-05
Simon_Baz,10,20160802-05
Simon_Beaton,1,20160802-05
Simon_Beaufoy,5,20160802-05
Simon_Bellamy,6,20160802-05
Simon_Belmont,1,20160802-05
Simon_Bening,1,20160802-05
Simon_Bent,1,20160802-05
Simon_Berman,1,20160802-05
Simon_Berthier,1,20160802-05
Simon_Birch,10,20160802-05
Simon_Bird,13,20160802-05
Simon_Birmingham,4,20160802-05
Simon_Bisley,2,20160802-05
Simon_Biwott,1,20160802-05
Simon_Black,4,20160802-05
Simon_Black_(English_footballer),1,20160802-05
Simon_Blackwell,1,20160802-05
Simon_Blitz,1,20160802-05
Simon_Boccanegra,11,20160802-05
Simon_Bolivar,2,20160802-05
"Simon_Bolivar,_Miranda",1,20160802-05
Simon_Bolivar_Buckner,4,20160802-05
"Simon_Bolivar_Buckner,_Jr.",2,20160802-05
Simon_Bolivar_Buckner_Jr.,3,20160802-05
Simon_Bolivar_Youth_Orchestra,1,20160802-05
Simon_Bon,1,20160802-05
Simon_Bowthorpe,1,20160802-05
Simon_Boyce,1,20160802-05
Simon_Brand,1,20160802-05
Simon_Brendle,4,20160802-05
Simon_Brint,1,20160802-05
Simon_Brodkin,2,20160802-05
Simon_Brown_(Massachusetts),1,20160802-05
Simon_Bryant_(chef),3,20160802-05
Simon_Burke,3,20160802-05
Simon_Busuttil,2,20160802-05
Simon_Byrne,1,20160802-05
Simon_C._Dik,1,20160802-05
Simon_C._Page,1,20160802-05
Simon_Cadell,5,20160802-05
Simon_Calder,1,20160802-05
Simon_Called_Peter,1,20160802-05
Simon_Callow,27,20160802-05
Simon_Cameron,2,20160802-05
Simon_Cameron_House,1,20160802-05
Simon_Campbell,2,20160802-05
Simon_Carl_Stanley,1,20160802-05
Simon_Carrington,1,20160802-05
Simon_Cawkwell,1,20160802-05
Simon_Cellan_Jones,1,20160802-05
Simon_Chan_(theologian),1,20160802-05
Simon_Channing_Williams,1,20160802-05
Simon_Charlton,1,20160802-05
Simon_Chesterman,1,20160802-05
Simon_Child,2,20160802-05
Simon_City_Royals,3,20160802-05
Simon_Clarke,1,20160802-05
Simon_Clarke_(cyclist),3,20160802-05
Simon_Clarke_(footballer),1,20160802-05
Simon_Clement,1,20160802-05
Simon_Coates_(artist),1,20160802-05
Simon_Coleby,1,20160802-05
Simon_Collins,6,20160802-05
Simon_Collins_%28Football_Coach%29,1,20160802-05
Simon_Colosimo,1,20160802-05
Simon_Commission,12,20160802-05
Simon_Cooke,2,20160802-05
Simon_Cooper_(The_Inbetweeners),1,20160802-05
Simon_Corbell,1,20160802-05
Simon_Cowell,94,20160802-05
Simon_Cowell_(presenter),1,20160802-05
Simon_Crean,5,20160802-05
Simon_Critchley,3,20160802-05
Simon_Culhane,1,20160802-05
Simon_Curtis,2,20160802-05
Simon_Curtis_(filmmaker),2,20160802-05
Simon_D,1,20160802-05
Simon_Dach,4,20160802-05
Simon_Dallow,14,20160802-05
Simon_Dalrymple,1,20160802-05
Simon_Danczuk,6,20160802-05
Simon_Danis-Pepin,2,20160802-05
Simon_Dark,2,20160802-05
Simon_Davies,1,20160802-05
"Simon_Davies_(footballer,_born_1974)",1,20160802-05
Simon_Davies_(footballer_born_1979),1,20160802-05
Simon_Davies_(privacy_advocate),1,20160802-05
Simon_Davis,1,20160802-05
Simon_Day,1,20160802-05
Simon_Deakin,1,20160802-05
Simon_Dee,2,20160802-05
Simon_Degge,1,20160802-05
Simon_Delaney,3,20160802-05
Simon_Despr%C3%A9s,1,20160802-05
Simon_Deutz,1,20160802-05
Simon_Dominic,20,20160802-05
Simon_Donaldson,2,20160802-05
Simon_Doonan,1,20160802-05
Simon_Doull,2,20160802-05
Simon_Doyle,1,20160802-05
Simon_Dubois,1,20160802-05
Simon_Dumenco,5,20160802-05
Simon_Dutton,1,20160802-05
Simon_Dutton_%28drug_lord%29,1,20160802-05
Simon_Dutton_(drug_lord),2,20160802-05
Simon_Eastaugh,1,20160802-05
Simon_Eastwood,3,20160802-05
Simon_Elliott,1,20160802-05
Simon_Enciso,2,20160802-05
Simon_Erd%C5%91dy,1,20160802-05
Simon_Evans,1,20160802-05
Simon_Evans_(racing_driver),1,20160802-05
Simon_F._Pauxtis,1,20160802-05
Simon_Fairweather,8,20160802-05
Simon_Farnaby,2,20160802-05
Simon_Farquhar,1,20160802-05
Simon_Favre,1,20160802-05
Simon_Fenton,1,20160802-05
Simon_Fernandez,2,20160802-05
Simon_Fisher-Becker,1,20160802-05
Simon_Fletcher_(Australian_footballer),1,20160802-05
Simon_Forman,1,20160802-05
Simon_Foucher,1,20160802-05
Simon_Fourcade,1,20160802-05
Simon_Francis_(footballer),1,20160802-05
"Simon_Fraser,_11th_Lord_Lovat",2,20160802-05
"Simon_Fraser,_13th_Lord_Lovat",4,20160802-05
"Simon_Fraser,_14th_Lord_Lovat",1,20160802-05
"Simon_Fraser,_15th_Lord_Lovat",9,20160802-05
"Simon_Fraser,_16th_Lord_Lovat",2,20160802-05
Simon_Fraser_Student_Society,1,20160802-05
Simon_Fraser_Tolmie,1,20160802-05
Simon_Fraser_University,14,20160802-05
Simon_Fraser_of_Balnain,1,20160802-05
Simon_Fraser_of_Lovat,1,20160802-05
Simon_Frith,1,20160802-05
Simon_Fuller,6,20160802-05
Simon_Gallaher,1,20160802-05
Simon_Gallup,13,20160802-05
Simon_Gamache,1,20160802-05
Simon_Garfield,2,20160802-05
Simon_Gault,1,20160802-05
Simon_Gerrans,1,20160802-05
Simon_Gilbert_(drummer),1,20160802-05
Simon_Gillett,1,20160802-05
Simon_Gipson,2,20160802-05
Simon_Girty,4,20160802-05
Simon_Godwin,1,20160802-05
Simon_Goldhill,2,20160802-05
Simon_Goodwin,2,20160802-05
Simon_Gotch,11,20160802-05
Simon_Gower,1,20160802-05
Simon_Grace,1,20160802-05
Simon_Gray,1,20160802-05
Simon_Greatwich,2,20160802-05
Simon_Green_(cricketer),1,20160802-05
Simon_Greenall,1,20160802-05
Simon_Greenleaf,3,20160802-05
Simon_Gregson,3,20160802-05
Simon_Grundel-Helmfelt,1,20160802-05
Simon_Gudmundi,1,20160802-05
Simon_Guerrier,1,20160802-05
Simon_Gustafson,2,20160802-05
Simon_Hale,1,20160802-05
Simon_Halsey,1,20160802-05
Simon_Hammelburg,1,20160802-05
Simon_Hang-bock_Rhee,1,20160802-05
Simon_Hanhart,2,20160802-05
Simon_Hannes,1,20160802-05
Simon_Hanselmann,1,20160802-05
Simon_Hanson,1,20160802-05
Simon_Hanta%C3%AF,1,20160802-05
"Simon_Harcourt,_1st_Earl_Harcourt",1,20160802-05
"Simon_Harcourt,_1st_Viscount_Harcourt",1,20160802-05
Simon_Harcourt_(1603%E2%80%931642),1,20160802-05
Simon_Harcourt_(soldier),1,20160802-05
Simon_Harris_(politician),4,20160802-05
Simon_Harsent,1,20160802-05
Simon_Hawking,1,20160802-05
Simon_Heap,1,20160802-05
Simon_Heffer,1,20160802-05
Simon_Helberg,303,20160802-05
Simon_Henderson_(headmaster),1,20160802-05
Simon_Henry%2C_Count_of_Lippe,1,20160802-05
Simon_Hill,1,20160802-05
Simon_Hill_(rugby_union),1,20160802-05
Simon_Hirsch,1,20160802-05
Simon_Hoggart,2,20160802-05
Simon_Holl%C3%B3sy,1,20160802-05
Simon_Hughes,3,20160802-05
Simon_Hurt,1,20160802-05
Simon_Hussey,1,20160802-05
"Simon_I,_Count_of_Saarbr",1,20160802-05
Simon_I_de_Montfort,3,20160802-05
Simon_I_of_Kartli,1,20160802-05
Simon_Ibarra,1,20160802-05
"Simon_Isaacs,_4th_Marquess_of_Reading",1,20160802-05
Simon_J._Gathercole,2,20160802-05
Simon_J._Ortiz,1,20160802-05
Simon_Jacobson,1,20160802-05
Simon_James_(musician),1,20160802-05
Simon_Johnson_(economist),3,20160802-05
Simon_Jones_%28actor%29,1,20160802-05
Simon_Jones_%28cricketer%29,1,20160802-05
Simon_Jones_(actor),4,20160802-05
Simon_Jones_(cricketer),1,20160802-05
Simon_Joyner,1,20160802-05
Simon_Kacsics,1,20160802-05
Simon_Kasp%C3%A9,1,20160802-05
Simon_Kassianides,1,20160802-05
Simon_Katich,1,20160802-05
Simon_Katz,1,20160802-05
Simon_Kaukhchishvili,1,20160802-05
Simon_Kenton,3,20160802-05
Simon_Kenton_Memorial_Bridge,1,20160802-05
Simon_Keswick,1,20160802-05
Simon_Killer,2,20160802-05
Simon_Kimbangu,1,20160802-05
Simon_Kinberg,4,20160802-05
Simon_Kiprop,1,20160802-05
Simon_Kirby,1,20160802-05
Simon_Kirch,1,20160802-05
Simon_Kirke,8,20160802-05
Simon_Kj%C3%A6r,2,20160802-05
Simon_Knowles,1,20160802-05
Simon_Kunz,7,20160802-05
Simon_Kuznets,3,20160802-05
Simon_Laffy,1,20160802-05
Simon_Lake,1,20160802-05
Simon_Langton_(television_director),1,20160802-05
Simon_LeVay,2,20160802-05
Simon_Le_Bon,9,20160802-05
Simon_Le_Bon_discography,1,20160802-05
Simon_Le_Moyne,2,20160802-05
Simon_Lees,1,20160802-05
Simon_Legree,2,20160802-05
"Simon_Lennox-Boyd,_2nd_Viscount_Boyd_of_Merton",1,20160802-05
Simon_Lessing,2,20160802-05
Simon_Lewis_(Australian_public_servant),1,20160802-05
Simon_Lewis_(public_relations_officer),1,20160802-05
Simon_Lewis_(writer),2,20160802-05
Simon_Lilly,1,20160802-05
Simon_Line,1,20160802-05
Simon_Lister_(Royal_Navy_officer),1,20160802-05
Simon_Livett,1,20160802-05
Simon_Lole,1,20160802-05
Simon_Lord,1,20160802-05
Simon_Ludders,1,20160802-05
Simon_Lythgoe,3,20160802-05
Simon_M%C4%83z%C4%83rache,1,20160802-05
Simon_MacCorkindale,3,20160802-05
Simon_MacKenzie,2,20160802-05
Simon_Magus,8,20160802-05
Simon_Mainwaring,1,20160802-05
Simon_Majumdar,1,20160802-05
Simon_Mann,3,20160802-05
Simon_Mantell,1,20160802-05
Simon_Marcus,3,20160802-05
Simon_Markeng,1,20160802-05
"Simon_Marks,_1st_Baron_Marks_of_Broughton",1,20160802-05
"Simon_Marquis,_3rd_Earl_of_Woolton",1,20160802-05
Simon_Marsden,1,20160802-05
Simon_Marshall_(comics),1,20160802-05
Simon_Mason_(field_hockey),1,20160802-05
Simon_Mawer,1,20160802-05
Simon_May,1,20160802-05
Simon_Mayo,1,20160802-05
Simon_Mayor,1,20160802-05
Simon_Mayr,1,20160802-05
Simon_Mbilinyi,1,20160802-05
Simon_McBurney,4,20160802-05
Simon_McKeon,1,20160802-05
Simon_McTavish,1,20160802-05
Simon_Mensing,1,20160802-05
Simon_Mepeham,2,20160802-05
Simon_Merrells,1,20160802-05
Simon_Metz,1,20160802-05
Simon_Mignolet,5,20160802-05
Simon_Mitchell,2,20160802-05
Simon_Monjack,8,20160802-05
Simon_Montacute,2,20160802-05
Simon_Moore_(footballer),3,20160802-05
Simon_Moore_(writer),1,20160802-05
Simon_Morden,2,20160802-05
Simon_Morgan,1,20160802-05
Simon_Moser,1,20160802-05
Simon_Murray,1,20160802-05
Simon_Navagattegama,1,20160802-05
Simon_Necronomicon,1,20160802-05
Simon_Neil,3,20160802-05
Simon_Nessman,3,20160802-05
Simon_Newcomb,1,20160802-05
Simon_Nicol,2,20160802-05
Simon_O%27Donnell,2,20160802-05
Simon_Oakland,4,20160802-05
Simon_Ogar_Veron,1,20160802-05
Simon_Oliver,1,20160802-05
Simon_Ong,1,20160802-05
Simon_Ostrach,1,20160802-05
Simon_Ostrovsky,4,20160802-05
Simon_Overland,1,20160802-05
Simon_Owen,1,20160802-05
Simon_Pagenaud,7,20160802-05
Simon_Patrick_(translator),1,20160802-05
Simon_Patten,1,20160802-05
Simon_Pavey,1,20160802-05
Simon_Pearce,1,20160802-05
Simon_Pedersen_Holmesland,1,20160802-05
Simon_Pegg,97,20160802-05
Simon_Peh,2,20160802-05
Simon_Perchik,2,20160802-05
Simon_Pereyns,1,20160802-05
Simon_Peter,1,20160802-05
Simon_Peter_Ninakku_Vendi,1,20160802-05
Simon_Petrie,1,20160802-05
Simon_Peyton_Jones,3,20160802-05
Simon_Phillips_(director),1,20160802-05
Simon_Phillips_(drummer),6,20160802-05
Simon_Phillips_discography,1,20160802-05
Simon_Phipps_(bishop),1,20160802-05
Simon_Phipps_(programmer),1,20160802-05
Simon_Pietersz_Verelst,1,20160802-05
Simon_Pimenta,1,20160802-05
Simon_Plouffe,1,20160802-05
Simon_Poidevin,1,20160802-05
Simon_Poulsen,2,20160802-05
Simon_Pouplin,1,20160802-05
Simon_Power,1,20160802-05
Simon_Prebble,2,20160802-05
Simon_Property_Group,5,20160802-05
Simon_Property_Group_Inc,1,20160802-05
Simon_Pryce,7,20160802-05
Simon_Pullman,3,20160802-05
Simon_Pulsifer,2,20160802-05
Simon_Pure,1,20160802-05
Simon_Qamunga,1,20160802-05
Simon_Quarterman,2,20160802-05
Simon_R._Baker,1,20160802-05
Simon_R._Green,1,20160802-05
Simon_R._Green_bibliography,1,20160802-05
Simon_Ramo,2,20160802-05
Simon_Ramsden,2,20160802-05
Simon_Rattle,2,20160802-05
Simon_Raven,2,20160802-05
Simon_Raymond,1,20160802-05
Simon_Raymonde,1,20160802-05
Simon_Read,1,20160802-05
Simon_Reed,1,20160802-05
Simon_Reeve_(Australian_TV_presenter),1,20160802-05
Simon_Reeve_(British_TV_presenter),3,20160802-05
Simon_Reid_Curtis_House,1,20160802-05
Simon_Renard,1,20160802-05
Simon_Rex,11,20160802-05
Simon_Reynolds,4,20160802-05
Simon_Rich,3,20160802-05
Simon_Richardson_(English_cyclist),1,20160802-05
Simon_Roberts_(Cambridge_cricketer),1,20160802-05
Simon_Robertson,1,20160802-05
Simon_Robey,1,20160802-05
Simon_Robson,1,20160802-05
Simon_Rodger,1,20160802-05
Simon_Rose_(cricketer),1,20160802-05
Simon_Rowe,2,20160802-05
Simon_Royce,1,20160802-05
Simon_Rushton,1,20160802-05
"Simon_Russell,_3rd_Baron_Russell_of_Liverpool",1,20160802-05
Simon_Russell_Beale,10,20160802-05
Simon_Sabiani,1,20160802-05
Simon_Sandys-Winsch,1,20160802-05
Simon_Santoso,1,20160802-05
Simon_Says,8,20160802-05
Simon_Says_(Laleh_song),1,20160802-05
Simon_Says_(Pharoahe_Monch_song),1,20160802-05
Simon_Says_(film),3,20160802-05
Simon_Scarrow,1,20160802-05
Simon_Schama,10,20160802-05
Simon_Schatzberger,1,20160802-05
Simon_Schobel,1,20160802-05
Simon_Schwartzman,1,20160802-05
Simon_Scott_(actor),1,20160802-05
Simon_Sebag_Montefiore,1,20160802-05
Simon_Seville,1,20160802-05
Simon_Shepard,1,20160802-05
Simon_Shnapir,1,20160802-05
Simon_Silverholt,1,20160802-05
Simon_Sinas,2,20160802-05
Simon_Sinek,17,20160802-05
Simon_Singh,9,20160802-05
Simon_Skrabb,1,20160802-05
Simon_Sluga,1,20160802-05
Simon_Snyder,1,20160802-05
Simon_Stagg,2,20160802-05
Simon_Staho,1,20160802-05
Simon_Standage,1,20160802-05
Simon_Starling,1,20160802-05
Simon_Stevens_%28civil_servant%29,1,20160802-05
Simon_Stevens_(NHS_England),2,20160802-05
Simon_Stevin,3,20160802-05
Simon_Stock,2,20160802-05
Simon_Stone,1,20160802-05
Simon_Storey,1,20160802-05
Simon_Strantzas,3,20160802-05
Simon_Sulzer,1,20160802-05
Simon_Target,2,20160802-05
Simon_Tatham,1,20160802-05
Simon_Taufel,2,20160802-05
Simon_Tay,2,20160802-05
Simon_Templar,2,20160802-05
Simon_Templeman,5,20160802-05
Simon_Terodde,2,20160802-05
Simon_Thassi,1,20160802-05
Simon_Thomas_(soccer),4,20160802-05
Simon_Thurley,1,20160802-05
Simon_Tibbling,1,20160802-05
Simon_Tolkien,9,20160802-05
Simon_Townsend%27s_Wonder_World,1,20160802-05
Simon_Townshend,3,20160802-05
"Simon_VII,_Count_of_Lippe",1,20160802-05
Simon_VI_de_Montfort,1,20160802-05
Simon_Van_Booy,2,20160802-05
Simon_Vega,1,20160802-05
Simon_Verhoeven,1,20160802-05
Simon_Vouet,1,20160802-05
Simon_Vratsian,1,20160802-05
Simon_W._Rosendale,1,20160802-05
Simon_Wakelin,2,20160802-05
Simon_Walker_(Hollyoaks),1,20160802-05
Simon_Walton,1,20160802-05
Simon_Ward,4,20160802-05
Simon_Waronker,1,20160802-05
Simon_Watson_(ice_hockey),1,20160802-05
Simon_Watson_(photographer),1,20160802-05
Simon_Webb,2,20160802-05
Simon_Webb_(chess_player),1,20160802-05
Simon_Webb_(civil_servant),1,20160802-05
Simon_Webb_(composer),1,20160802-05
Simon_Webbe,2,20160802-05
Simon_Wells,7,20160802-05
Simon_Wessely,2,20160802-05
Simon_West,6,20160802-05
Simon_Westaway,2,20160802-05
Simon_Whatling,2,20160802-05
Simon_Whelahan,1,20160802-05
Simon_Whelehan,1,20160802-05
Simon_White_(Australian_footballer),1,20160802-05
Simon_White_(footballer),1,20160802-05
Simon_Whitfield,2,20160802-05
Simon_Whitlock,1,20160802-05
Simon_Wickham-Smith,1,20160802-05
Simon_Wicks,2,20160802-05
Simon_Wiesental,1,20160802-05
Simon_Wiesenthal,22,20160802-05
Simon_Wiesenthal_Center,1,20160802-05
Simon_Wilcox,2,20160802-05
Simon_Wilkinson_(transmedia_artist),1,20160802-05
Simon_Willard_(first_generation),1,20160802-05
Simon_Williams,1,20160802-05
Simon_Williams_(actor),1,20160802-05
Simon_Williams_(disambiguation),1,20160802-05
Simon_Wilson,1,20160802-05
Simon_Wilson_(cyclist),1,20160802-05
Simon_Wincer,3,20160802-05
Simon_Winchester,2,20160802-05
Simon_Winder,1,20160802-05
Simon_Wing,1,20160802-05
Simon_Winstone,1,20160802-05
Simon_Wolfson,2,20160802-05
Simon_Woods,10,20160802-05
Simon_Wormull,2,20160802-05
Simon_Wren-Lewis,1,20160802-05
Simon_Wright_(musician),4,20160802-05
Simon_Yam,10,20160802-05
Simon_Yates_(cyclist),2,20160802-05
Simon_Yates_(golfer),1,20160802-05
Simon_Yates_(mountaineer),2,20160802-05
Simon_Young_(presenter),1,20160802-05
Simon_and_Garfunkel,5,20160802-05
Simon_and_Garfunkel%27s_Greatest_Hits,2,20160802-05
Simon_and_Laura,1,20160802-05
Simon_and_garfunkel,1,20160802-05
Simon_bar_Kokhba,3,20160802-05
Simon_belmont,1,20160802-05
Simon_ben_Zoma,1,20160802-05
Simon_cowell,3,20160802-05
Simon_de_Burley,3,20160802-05
Simon_de_Montfort%27s_Parliament,1,20160802-05
"Simon_de_Montfort,_5th_Earl_of_Leicester",3,20160802-05
"Simon_de_Montfort,_6th_Earl_of_Leicester",3,20160802-05
Simon_de_montfort,1,20160802-05
Simon_effect,1,20160802-05
Simon_fraser_university,1,20160802-05
Simon_gotch,1,20160802-05
Simon_hammelburg,1,20160802-05
Simon_in_the_Land_of_Chalk_Drawings,2,20160802-05
Simon_k%C3%83%C2%B6pf,1,20160802-05
Simon_le_Bon,1,20160802-05
Simon_munnery,1,20160802-05
Simon_of_Cyrene,2,20160802-05
Simon_of_Makuria,1,20160802-05
Simon_of_Pattishall,1,20160802-05
Simon_of_St_Quentin,1,20160802-05
Simon_of_Transylvania,1,20160802-05
Simon_of_Trent,2,20160802-05
Simon_of_cyrene,1,20160802-05
Simon_of_the_Desert,1,20160802-05
Simon_son_of_Bo,1,20160802-05
Simon_tan,1,20160802-05
Simon_the_Coldheart,1,20160802-05
Simon_the_Leper,2,20160802-05
Simon_the_Pharisee,2,20160802-05
Simon_the_Sorcerer,3,20160802-05
Simon_the_Sorcerer_(series),1,20160802-05
"Simon_the_Sorcerer_II:_The_Lion,_the_Wizard_and_the_Wardrobe",2,20160802-05
Simon_the_Zealot,7,20160802-05
Simon_van_der_Meer,1,20160802-05
Simon_vs._the_Homo_Sapiens_Agenda,1,20160802-05
Simon_%22Ghost%22_Riley,1,20160802-04
Simon_%26_Garfunkel,75,20160802-04
Simon_%26_Garfunkel_discography,9,20160802-04
Simon_%26_Marcy,2,20160802-04
Simon_%26_Schuster,16,20160802-04
Simon_%26_Simon,8,20160802-04
Simon_%26_Simon_(season_6),1,20160802-04
Simon_%26_Simon_(season_7),1,20160802-04
Simon_(Gurren_Lagann),3,20160802-04
Simon_(TV_series),1,20160802-04
Simon_(brother_of_Jesus),1,20160802-04
Simon_(computer),1,20160802-04
Simon_(disambiguation),1,20160802-04
Simon_(game),4,20160802-04
Simon_(given_name),3,20160802-04
Simon_(music_director),3,20160802-04
Simon_Abkarian,1,20160802-04
"Simon_Abney-Hastings,_15th_Earl_of_Loudoun",1,20160802-04
Simon_Aboud,1,20160802-04
Simon_Acland,1,20160802-04
Simon_Adebisi,7,20160802-04
Simon_Aldridge,1,20160802-04
Simon_Almaer,1,20160802-04
Simon_Ammann,1,20160802-04
Simon_Amstell,4,20160802-04
Simon_Anholt,1,20160802-04
Simon_Arkell,1,20160802-04
Simon_Armstrong,1,20160802-04
Simon_Aspelin,3,20160802-04
Simon_Atlee,1,20160802-04
Simon_Austin,1,20160802-04
Simon_B._Conover,1,20160802-04
Simon_Bailey_(archivist),2,20160802-04
Simon_Baker,28,20160802-04
Simon_Bar_Giora,2,20160802-04
Simon_Bar_Kochba,2,20160802-04
Simon_Bar_Kokhba,2,20160802-04
Simon_Barnett,1,20160802-04
Simon_Baron-Cohen,3,20160802-04
Simon_Barrett_(filmmaker),4,20160802-04
Simon_Baz,3,20160802-04
Simon_Belcher,1,20160802-04
Simon_Bellamy,3,20160802-04
Simon_Belmont,2,20160802-04
Simon_Bening,1,20160802-04
Simon_Benson,2,20160802-04
Simon_Benson_House,1,20160802-04
Simon_Berghan,1,20160802-04
Simon_Birch,6,20160802-04
Simon_Bird,6,20160802-04
Simon_Birmingham,4,20160802-04
Simon_Bisley,1,20160802-04
Simon_Black,7,20160802-04
Simon_Blackburn,5,20160802-04
Simon_Block,1,20160802-04
Simon_Bloet_(Dean_of_Lincoln),1,20160802-04
Simon_Boccanegra,2,20160802-04
Simon_Bolivar,3,20160802-04
Simon_Bolivar_Buckner,3,20160802-04
"Simon_Bolivar_Buckner,_Jr.",4,20160802-04
"Simon_Bolivar_Buckner,_Sr.",1,20160802-04
Simon_Bolivar_Buckner_Jr.,2,20160802-04
Simon_Bolivar_Youth_Orchestra,1,20160802-04
Simon_Boswell,1,20160802-04
Simon_Boulton,1,20160802-04
Simon_Bowes-Lyon,1,20160802-04
Simon_Boyleau,1,20160802-04
Simon_Bradstreet_(disambiguation),1,20160802-04
Simon_Bradstreet_Robie,1,20160802-04
Simon_Brendle,1,20160802-04
Simon_Brett,1,20160802-04
Simon_Bridges,1,20160802-04
Simon_Brint,2,20160802-04
Simon_Brodbeck,1,20160802-04
Simon_Brodkin,1,20160802-04
Simon_Brook_(director),1,20160802-04
Simon_Brown_(Massachusetts),1,20160802-04
Simon_Brown_(boxer),1,20160802-04
"Simon_Brown_(footballer,_born_1976)",1,20160802-04
Simon_Brut%C3%A9,1,20160802-04
Simon_Bryant_(RAF_officer),2,20160802-04
Simon_Bucher-Jones,1,20160802-04
Simon_Burns,1,20160802-04
Simon_Busuttil,1,20160802-04
Simon_Cadell,1,20160802-04
Simon_Callow,12,20160802-04
Simon_Camden,2,20160802-04
Simon_Cameron,3,20160802-04
Simon_Cameron_House,1,20160802-04
Simon_Carl_Stanley,1,20160802-04
Simon_Carmody,1,20160802-04
Simon_Carrington,1,20160802-04
Simon_Cawkwell,1,20160802-04
Simon_Cellan_Jones,1,20160802-04
Simon_Chapman_(academic),1,20160802-04
Simon_Chesterman,2,20160802-04
Simon_Child,1,20160802-04
Simon_Church,3,20160802-04
Simon_City_Royals,1,20160802-04
Simon_Clark,1,20160802-04
Simon_Clarke_%28rugby_union%29,1,20160802-04
Simon_Clarke_(cyclist),1,20160802-04
Simon_Clifford,1,20160802-04
Simon_Climie,3,20160802-04
Simon_Clist,1,20160802-04
Simon_Cockrell,1,20160802-04
Simon_Cole,1,20160802-04
Simon_Collins,4,20160802-04
Simon_Commission,7,20160802-04
Simon_Conway_Morris,2,20160802-04
Simon_Cook_(Australian_cricketer),1,20160802-04
Simon_Coveney,1,20160802-04
Simon_Cowell,86,20160802-04
Simon_Cowell_(presenter),1,20160802-04
Simon_Cox_(Australian_rules_footballer),1,20160802-04
"Simon_Cox_(footballer,_born_1987)",1,20160802-04
Simon_Crawshay,2,20160802-04
Simon_Critchley,2,20160802-04
Simon_Crowe,1,20160802-04
Simon_Cumbers,2,20160802-04
Simon_Currant,2,20160802-04
Simon_Curtis,1,20160802-04
Simon_Curtis_(filmmaker),3,20160802-04
Simon_D%C3%BCnki,1,20160802-04
Simon_Danczuk,7,20160802-04
Simon_Danis-Pepin,1,20160802-04
Simon_Davies,1,20160802-04
"Simon_Davies_(footballer,_born_1974)",1,20160802-04
"Simon_Davies_(footballer,_born_1979)",1,20160802-04
Simon_Dawes,1,20160802-04
Simon_Dawkins,2,20160802-04
Simon_Day,2,20160802-04
Simon_Deli,2,20160802-04
Simon_Diamond,4,20160802-04
Simon_Digby_(oriental_scholar),1,20160802-04
Simon_Dominic,21,20160802-04
Simon_Donaldson,2,20160802-04
Simon_Doull,1,20160802-04
Simon_Drake,1,20160802-04
Simon_Drew,1,20160802-04
Simon_Dubnow,1,20160802-04
Simon_Duggan,1,20160802-04
Simon_Dunn,1,20160802-04
Simon_Dutton,1,20160802-04
Simon_Eastwood,1,20160802-04
Simon_Ellis_(film_director),1,20160802-04
Simon_Evans,1,20160802-04
Simon_Evans_(writer),1,20160802-04
Simon_Fairlie,2,20160802-04
Simon_Fairweather,1,20160802-04
Simon_Farnaby,2,20160802-04
Simon_Fenton,1,20160802-04
Simon_Fisher-Becker,1,20160802-04
Simon_Fowler_(author),1,20160802-04
Simon_Francis_(footballer),1,20160802-04
Simon_Franglen,2,20160802-04
Simon_Fraser,1,20160802-04
"Simon_Fraser,_11th_Lord_Lovat",5,20160802-04
"Simon_Fraser,_15th_Lord_Lovat",2,20160802-04
"Simon_Fraser,_16th_Lord_Lovat",4,20160802-04
Simon_Fraser_(comics),1,20160802-04
Simon_Fraser_(d._1306),2,20160802-04
Simon_Fraser_(diplomat),1,20160802-04
Simon_Fraser_(explorer),5,20160802-04
Simon_Fraser_Tolmie,1,20160802-04
Simon_Fraser_University,17,20160802-04
Simon_Fraser_of_Balnain_(general),1,20160802-04
Simon_Fraser_of_Lovat,1,20160802-04
Simon_Frug,1,20160802-04
Simon_Fuller,19,20160802-04
Simon_Gagn%C3%A9,4,20160802-04
Simon_Gallagher,1,20160802-04
Simon_Gallaher,1,20160802-04
Simon_Gallup,6,20160802-04
Simon_Garth,1,20160802-04
Simon_Gatti,1,20160802-04
Simon_Gavinet,1,20160802-04
Simon_Gerrans,4,20160802-04
Simon_Geschke,1,20160802-04
Simon_Gilbert_(musician),1,20160802-04
Simon_Gipps-Kent,1,20160802-04
Simon_Girty,1,20160802-04
Simon_Goddard,1,20160802-04
Simon_Goodwin,1,20160802-04
Simon_Gosejohann,1,20160802-04
Simon_Gotch,22,20160802-04
Simon_Goulart,1,20160802-04
Simon_Grand,1,20160802-04
Simon_Gratz_High_School,1,20160802-04
Simon_Graves,1,20160802-04
Simon_Gray,6,20160802-04
Simon_Grayson,2,20160802-04
Simon_Green_(cricketer),1,20160802-04
Simon_Greenleaf,2,20160802-04
Simon_Greer,1,20160802-04
Simon_Gregson,1,20160802-04
Simon_Greul,1,20160802-04
Simon_Groom,1,20160802-04
Simon_Guggenheim,3,20160802-04
Simon_Hallenbarter,1,20160802-04
Simon_Hamilton,1,20160802-04
Simon_Hanhart,2,20160802-04
Simon_Harrison,2,20160802-04
Simon_Hawke,1,20160802-04
Simon_Hayhoe,1,20160802-04
Simon_Heath,1,20160802-04
Simon_Helberg,78,20160802-04
Simon_Helmot,4,20160802-04
Simon_Higgins,1,20160802-04
Simon_Hill,3,20160802-04
Simon_Hiscocks,1,20160802-04
Simon_Hoadley,1,20160802-04
Simon_Hobbs,3,20160802-04
Simon_Hoggart,3,20160802-04
Simon_Hopkinson,2,20160802-04
Simon_Hornblower,2,20160802-04
Simon_House,1,20160802-04
Simon_Huck,4,20160802-04
Simon_Hughes,1,20160802-04
Simon_Hurt,1,20160802-04
Simon_Hussey,1,20160802-04
Simon_II_of_Kartli,1,20160802-04
Simon_I_de_Montfort,1,20160802-04
"Simon_I_de_Senlis,_Earl_of_Huntingdon-Northampton",2,20160802-04
Simon_Iff,1,20160802-04
Simon_Illyan,1,20160802-04
Simon_Ingersoll,1,20160802-04
"Simon_Isaacs,_4th_Marquess_of_Reading",1,20160802-04
Simon_Islip,1,20160802-04
Simon_J._Hall,1,20160802-04
Simon_J._Liebowitz,1,20160802-04
Simon_Jack,1,20160802-04
Simon_Jackson_(cricketer),1,20160802-04
Simon_Jacobson,2,20160802-04
Simon_Jeffes,1,20160802-04
Simon_Jenkins,1,20160802-04
Simon_Johnson_(economist),4,20160802-04
Simon_Jones_(actor),2,20160802-04
Simon_Jones_(cricketer),2,20160802-04
Simon_Jones_(musician),2,20160802-04
Simon_Kassianides,2,20160802-04
Simon_Katich,2,20160802-04
Simon_Kenton,1,20160802-04
Simon_Keynes,1,20160802-04
Simon_Killer,1,20160802-04
Simon_Kimbangu,1,20160802-04
Simon_Kinberg,7,20160802-04
Simon_Kirby,1,20160802-04
Simon_Kirke,8,20160802-04
Simon_Kitson,1,20160802-04
Simon_Kj%C3%A6r,4,20160802-04
Simon_Konecki,2,20160802-04
Simon_Kroon,1,20160802-04
Simon_Kunz,6,20160802-04
Simon_Kuznets,4,20160802-04
Simon_Kvamm,1,20160802-04
"Simon_L._Leis,_Jr.",3,20160802-04
Simon_Langham,1,20160802-04
Simon_Langton,1,20160802-04
Simon_Langton_(television_director),2,20160802-04
Simon_Langton_Grammar_School_for_Boys,2,20160802-04
Simon_Larned,1,20160802-04
Simon_Law,1,20160802-04
Simon_Lazenby,1,20160802-04
Simon_LeBon,1,20160802-04
Simon_LeVay,1,20160802-04
Simon_Le_Bon,10,20160802-04
Simon_Lee_(conductor),1,20160802-04
Simon_Lessing,1,20160802-04
Simon_Levy,1,20160802-04
Simon_Lewis,2,20160802-04
Simon_Lewis_%28public_relations_officer%29,1,20160802-04
Simon_Lewis_%28writer%29,1,20160802-04
Simon_Lewis_(The_Mortal_Instruments),2,20160802-04
Simon_Lewis_(public_relations_officer),2,20160802-04
Simon_Lewis_(writer),1,20160802-04
Simon_Lindley,1,20160802-04
Simon_Line,1,20160802-04
Simon_Livett,1,20160802-04
Simon_Lokodo,1,20160802-04
Simon_Lole,1,20160802-04
Simon_Loueckhote,1,20160802-04
"Simon_Louis,_Count_of_Lippe",1,20160802-04
Simon_Lowe,1,20160802-04
Simon_Lui,1,20160802-04
"Simon_Luttrell,_1st_Earl_of_Carhampton",1,20160802-04
Simon_Lythgoe,1,20160802-04
Simon_MacCorkindale,9,20160802-04
Simon_MacKenzie,1,20160802-04
"Simon_Mackay,_Baron_Tanlaw",2,20160802-04
Simon_Madden,1,20160802-04
Simon_Maginn,1,20160802-04
Simon_Magus,4,20160802-04
Simon_Majumdar,4,20160802-04
Simon_Makienok,3,20160802-04
Simon_Mann,1,20160802-04
Simon_Mannering,2,20160802-04
Simon_Mannix,1,20160802-04
Simon_Mantell,1,20160802-04
Simon_Marcus,1,20160802-04
Simon_Marlow,1,20160802-04
Simon_Marsh,1,20160802-04
Simon_Martirosyan,1,20160802-04
Simon_Mason_(disambiguation),1,20160802-04
Simon_Mathurin_Lantara,1,20160802-04
Simon_McBurney,7,20160802-04
Simon_McDonald_(diplomat),2,20160802-04
Simon_McKeon,1,20160802-04
Simon_McKie,1,20160802-04
Simon_McPhee,1,20160802-04
Simon_Mepeham,1,20160802-04
Simon_Meredith_(Emmerdale),1,20160802-04
Simon_Merrells,3,20160802-04
Simon_Metcalfe,1,20160802-04
Simon_Mignolet,16,20160802-04
Simon_Milton_(politician),1,20160802-04
Simon_Mitton,1,20160802-04
Simon_Mol,2,20160802-04
Simon_Molitor,1,20160802-04
Simon_Monjack,14,20160802-04
Simon_Moore_(footballer),2,20160802-04
Simon_Moores,1,20160802-04
Simon_Morris_(businessman),1,20160802-04
Simon_Moutter,1,20160802-04
Simon_Murphy_(conductor),1,20160802-04
Simon_Muzenda,1,20160802-04
Simon_Napier-Bell,1,20160802-04
Simon_Nash,1,20160802-04
Simon_Navagattegama,1,20160802-04
Simon_Necronomicon,8,20160802-04
Simon_Neil,2,20160802-04
Simon_Nessman,2,20160802-04
Simon_Newcomb,2,20160802-04
Simon_Nicol,1,20160802-04
Simon_No%C3%ABl,1,20160802-04
Simon_Nye,1,20160802-04
Simon_Oakland,3,20160802-04
Simon_Okker,1,20160802-04
Simon_Ostrovsky,3,20160802-04
Simon_Padyham,1,20160802-04
Simon_Pagenaud,8,20160802-04
Simon_Parsons,1,20160802-04
Simon_Patmore,2,20160802-04
Simon_Patrick,1,20160802-04
Simon_Patten,1,20160802-04
Simon_Payaslian,1,20160802-04
Simon_Pegg,107,20160802-04
Simon_Pepper,2,20160802-04
Simon_Pereyns,1,20160802-04
Simon_Petrov,1,20160802-04
Simon_Peyton_Jones,2,20160802-04
Simon_Phillips,1,20160802-04
Simon_Phillips_(drummer),7,20160802-04
Simon_Phillips_(footballer),2,20160802-04
Simon_Phillips_Norton,1,20160802-04
Simon_Phipps_(bishop),1,20160802-04
Simon_Phoenix,1,20160802-04
Simon_Picone,1,20160802-04
Simon_Pl%C3%B6ssl,1,20160802-04
Simon_Poulsen,2,20160802-04
Simon_Power,1,20160802-04
Simon_Prescott,1,20160802-04
Simon_Prestigiacomo,1,20160802-04
Simon_Property_Group,8,20160802-04
Simon_Pryce,3,20160802-04
Simon_Pulse,1,20160802-04
Simon_Pulsifer,1,20160802-04
Simon_Pummell,1,20160802-04
Simon_Qin_Chunfu,1,20160802-04
Simon_Quarterman,2,20160802-04
Simon_Ramo,4,20160802-04
Simon_Ratcliffe,1,20160802-04
Simon_Rattle,2,20160802-04
Simon_Raven,1,20160802-04
Simon_Raymond,1,20160802-04
Simon_Reade,1,20160802-04
Simon_Reed_(commentator),1,20160802-04
Simon_Reeve_(Australian_TV_presenter),1,20160802-04
Simon_Reeve_(British_TV_presenter),2,20160802-04
Simon_Reisman,1,20160802-04
Simon_Renard,1,20160802-04
Simon_Rex,16,20160802-04
Simon_Reynolds,4,20160802-04
Simon_Rich,3,20160802-04
Simon_Richardson_(English_cyclist),1,20160802-04
Simon_Rivera_High_School,1,20160802-04
Simon_Roberts_(actor),1,20160802-04
Simon_Roberts_(businessman),1,20160802-04
Simon_Robey,1,20160802-04
Simon_Rolfes,2,20160802-04
Simon_Rosenbaum,2,20160802-04
"Simon_Rufus_Isaacs,_4th_Marquess_of_Reading",1,20160802-04
Simon_Rushton,1,20160802-04
Simon_Russell_Beale,19,20160802-04
Simon_Salinas,1,20160802-04
Simon_Says,8,20160802-04
Simon_Says_(band),1,20160802-04
Simon_Says_(film),1,20160802-04
Simon_Schama,3,20160802-04
Simon_Schama%27s_Power_of_Art,1,20160802-04
Simon_Schwartzman,1,20160802-04
Simon_Sebag-Montefiore,1,20160802-04
Simon_Sebag_Montefiore,3,20160802-04
Simon_Segal,1,20160802-04
Simon_Sez,4,20160802-04
Simon_Sez_(song),1,20160802-04
Simon_Shackleton,2,20160802-04
Simon_Shaheen,2,20160802-04
Simon_Sheikh,3,20160802-04
Simon_Shelton,1,20160802-04
Simon_Sheppard,1,20160802-04
Simon_Sheppard_(activist),1,20160802-04
Simon_Shnapir,1,20160802-04
Simon_Sinas,1,20160802-04
Simon_Sinek,9,20160802-04
Simon_Singh,7,20160802-04
Simon_Slade,2,20160802-04
Simon_Slater,1,20160802-04
Simon_Snyder,1,20160802-04
Simon_Spencer,1,20160802-04
Simon_Spender,1,20160802-04
Simon_Stagg,5,20160802-04
Simon_Stead,1,20160802-04
Simon_Steel,1,20160802-04
Simon_Steen-Andersen,1,20160802-04
Simon_Steur,1,20160802-04
Simon_Stevenson,1,20160802-04
Simon_Stevin,4,20160802-04
Simon_Stevin_(journal),1,20160802-04
Simon_Stone,2,20160802-04
Simon_Studion,1,20160802-04
Simon_Sutcliffe,1,20160802-04
Simon_Sydenham,1,20160802-04
Simon_Tam,1,20160802-04
Simon_Target,1,20160802-04
Simon_Tatham,2,20160802-04
Simon_Taufel,2,20160802-04
Simon_Tavar%C3%A9,1,20160802-04
Simon_Tay,1,20160802-04
Simon_Tedeschi,1,20160802-04
Simon_Templar,4,20160802-04
Simon_Templeman,7,20160802-04
Simon_Terodde,1,20160802-04
Simon_Tett,1,20160802-04
Simon_Thassi,2,20160802-04
Simon_The_Cyrene,1,20160802-04
Simon_Thern,1,20160802-04
Simon_Thomas_(soccer),1,20160802-04
Simon_Thomas_(television_presenter),1,20160802-04
Simon_Thornton_(golfer),1,20160802-04
Simon_Tibbling,2,20160802-04
Simon_Tisdall,1,20160802-04
Simon_Tolkien,4,20160802-04
Simon_Tong,1,20160802-04
Simon_Townsend,1,20160802-04
Simon_Townsend%27s_Wonder_World,1,20160802-04
Simon_Townshend,1,20160802-04
Simon_Trinidad,1,20160802-04
Simon_Trp%C4%8Deski_discography,1,20160802-04
Simon_Upton,1,20160802-04
Simon_Ushakov,1,20160802-04
Simon_VI_de_Montfort,2,20160802-04
Simon_Verbeek,1,20160802-04
Simon_Vouet,3,20160802-04
Simon_Vouet/,1,20160802-04
Simon_Wakelin,2,20160802-04
Simon_Waley,1,20160802-04
Simon_Walton,1,20160802-04
Simon_Walton_(bishop),1,20160802-04
Simon_Ward,1,20160802-04
Simon_Webbe,5,20160802-04
Simon_Wells,3,20160802-04
Simon_West,2,20160802-04
Simon_Westaway,4,20160802-04
Simon_Weston,3,20160802-04
Simon_Westraadt,1,20160802-04
Simon_Whatley,1,20160802-04
Simon_Whitfield,4,20160802-04
Simon_Wicks,3,20160802-04
Simon_Wiesenthal,15,20160802-04
Simon_Wiesenthal_Center,2,20160802-04
Simon_Wigg,3,20160802-04
Simon_Williams,1,20160802-04
Simon_Williams_(chess_player),2,20160802-04
Simon_Willis,2,20160802-04
Simon_Willis_(cricketer),1,20160802-04
Simon_Wincer,1,20160802-04
Simon_Winchester,1,20160802-04
Simon_Wolf_Oppenheimer,1,20160802-04
Simon_Woodroffe,5,20160802-04
Simon_Woods,7,20160802-04
Simon_Wormull,1,20160802-04
Simon_Wren-Lewis,1,20160802-04
Simon_Wright_(futsal),1,20160802-04
Simon_Wright_(musician),4,20160802-04
Simon_Yam,8,20160802-04
Simon_Yates_(cyclist),2,20160802-04
Simon_Yates_(golfer),1,20160802-04
Simon_Yates_(mountaineer),3,20160802-04
Simon_Zebo,2,20160802-04
Simon_and_Garfunkel,2,20160802-04
Simon_and_Garfunkel%27s_Greatest_Hits,7,20160802-04
Simon_and_Laura,1,20160802-04
Simon_and_Swinger,1,20160802-04
Simon_and_garfunkel,3,20160802-04
Simon_and_the_Oaks_(film),1,20160802-04
Simon_bar_Ezron,1,20160802-04
Simon_bar_Giora,3,20160802-04
Simon_bar_Kokhba,2,20160802-04
Simon_ben_Camithus,1,20160802-04
Simon_ben_Gamaliel,1,20160802-04
Simon_cowell,1,20160802-04
Simon_de_Burley,1,20160802-04
Simon_de_Keza,1,20160802-04
Simon_de_La_Loub,1,20160802-04
"Simon_de_Montagu,_1st_Baron_Montagu",1,20160802-04
"Simon_de_Montfort,_5th_Earl_of_Leicester",2,20160802-04
"Simon_de_Montfort,_6th_Earl_of_Leicester",9,20160802-04
Simon_de_Pury,1,20160802-04
Simon_de_Vos,1,20160802-04
Simon_effect,1,20160802-04
Simon_of_Apulia,1,20160802-04
Simon_of_Cyrene,8,20160802-04
Simon_of_Dunblane,1,20160802-04
Simon_of_Elmham,1,20160802-04
Simon_of_Faversham,1,20160802-04
Simon_of_K,1,20160802-04
Simon_of_K%C3%A9za,1,20160802-04
Simon_of_Sicily,1,20160802-04
Simon_of_Trent,1,20160802-04
Simon_of_Utrecht,1,20160802-04
Simon_of_Wells,1,20160802-04
Simon_of_trent,1,20160802-04
Simon_says_(disambiguation),1,20160802-04
Simon_task,1,20160802-04
Simon_the_Coldheart,1,20160802-04
Simon_the_Pharisee,2,20160802-04
Simon_the_Shoemaker,2,20160802-04
Simon_the_Sorcerer,1,20160802-04
Simon_the_Sorcerer_5,1,20160802-04
Simon_the_Tanner,3,20160802-04
Simon_the_Zealot,7,20160802-04
Simon_van_de_Passe,1,20160802-04
Simon_van_den_Bergh,3,20160802-04
Simon_van_der_Stel,1,20160802-04
